https://item.jd.com/100038004389.html,"['AppleiPhone 14 Pro', '100038004389', '377.00g', '中国大陆', 'A16', '未公布', '暗紫色', 'IP68', 'FHD+', '以官网信息为准', '256GB', '紫色系', 'OLED直屏', '4800万像素', '苹果风，商务，科技']"
用户名,评分,评论
_***_,star5,买来送妹妹的生日礼物，线下实体店体验以后，果断选择这款，可惜没有买到白色的，有点小遗憾外形外观：手感舒适，好看屏幕音效：很棒，立体环绕音效拍照效果：清晰自然，色彩真实苹果一如既往的好用，点赞?
辣***6,star5,老粉丝了，十几年老粉。系统流畅不卡，其他牌子真的比不了。外形外观：很漂亮，方方正正的，中规中矩。屏幕音效：立体音很好，很棒??拍照效果：很漂亮，清晰度很好！运行速度：很快。待机时间：不经常用，一天够了。其他特色：灵动岛，很鸡肋，没什么大用。
j***t,star5,大小合适，手感好，反应灵敏，不错！照相清晰度很好，适合拍点照片，屏幕显示细腻，清晰，总体是个好手机。
y***2,star5,外形外观：这个紫色确实不错，大小合适，可以单手操作。屏幕音效：显示细腻，音质清晰拍照效果：很惊艳，像素提高了之后拍摄的照片更细腻运行速度：快，丝滑待机时间：一天没问题。
壮***儿,star5,推荐推荐一整个爱住了，太好看了这个颜色，拿在手上不想放下！而且拍照很细腻真实，录像的效果也很好，还流畅，广告也少。平时对手机圈不了解，就直接选择了苹果，而且我不玩大型游戏，平时就喜欢拍照录视频 很好 很喜欢
U***儿,star5,同城送很快，当天就送过来了外形外观：白色，很好看屏幕音效：很好拍照效果：15倍放大很清晰运行速度：好待机时间：100%的电池容量待机很不错
小***9,star5,外形外观：收到就赶紧迫不及待了，拿出来果然一分价一分货的感觉，拿在手上还挺重的，份量很足屏幕音效：特别好拍照效果：特别清晰运行速度：只能用很丝滑这个词待机时间：一天，但是会发热，充电不能玩
尊***安,star5,想了很久才入手的，真的满意，使用起来非常方便，性能配置高，网速流畅，价格便宜而且售后服务好，性价比很高，买的很值，下次有需要会再次购买
z***0,star5,很不错，苹果系列产品很适合我，一直都是用苹果，拍照好看，不卡，不会用不久就卡，很耐用，不会一两年就要换手机，方便，一步到位
j***2,star5,货已经收了，2018年的iPhone x就是在这个店买的，用了五年多还是很流畅，适逢店里搞活动，果断下单买了这部手机？
u***i,star5,东西很好，性价比超级高，犹豫的可以赶紧冲，东西的质量也超级高，品质也一级棒，大家可以放心购买，好东西，值得使用，心想事成。
南***意,star5,1不错，没有任何问题，非常好用，喜欢的可以赶紧冲冲，品牌值得信赖，上手无论是操作体验还己持感都是优秀的，符合人体工学，拍照效果嘎嗄好
劳***冬,star5,外形外观：暗夜紫显示在不同亮度的光照下，呈现不同的光彩非常耐看。前置摄像头和灵动岛融为一体，正常适应上和以前的刘海屏看不出多大的区别，不过买14p了应该也都默认这样的设计了吧。屏幕音效：双扬声器的音量和音质都还差强人意，毕竟是手机拍照效果：4800万像素的主摄像头还是很给力的，不过需要在设置中开启不然和13差不多了，苹果夜晚拍摄除了祖传的?影，照片质量还是不错，瑕不掩瑜吧，运动模式确实稳。运行速度：一句话：A16永远的神！待机时间：一般轻度使用的话用一天都还能省一半的电，连续看视频可以坚持4个小时以上其他特色：还是那句话，苹果手机拥有优秀的生态系统和流畅的运行速度，但是习惯安卓系统的用户还是需要慎重选择，要多了解再入手，适合自己的才是最好的。
P***6,star5,第一次使用苹果手机，之前都用的华为，必须要比较的评价一番外形外观：有点重，比华为来说不够轻巧屏幕音效：音效不错，比华为强拍照效果：拍照不失真，清晰度比华为稍差点运行速度：运行速度跟华为一样待机时间：新机目前待机时间，充一次用两天信号：电信卡跟移动卡比华为同一地点差多了，而且往往收到微信都到两三分钟后了，很容易错过很多信息，下次换手机果断选择华为，若不是华为5g少，我是坚决不会选择苹果的
j***j,star5,苹果14 Pro具有出色的续航能力，视频播放最长可达23小时，用户可以不用频繁充电，享受更加持久的使用体验。综合一下，iPhone14pro核心性能更加出色，能够满足用户的各种需求，值得购买！
虾***妈,star3,信号不好，其他的还不错
j***b,star5,手机漂亮可价格也真是高啊，为了不再总是出现内存已满的尴尬提示，直接选择了个大内存的，工薪阶层肉痛啊，不过用着是真舒坦，感觉丝滑，拍照也有了很大的提升
j***e,star5,前年给高考的儿子买的苹果12，今年给高考的外甥女买的苹果14。在京东自营买的放心。我自己用的手机也是在京东自营买的，也买过两个了。
Q***F,star5,超级喜欢一直都喜欢苹果的产品  超级给力特别实用 一点都不卡顿 好好用 比国产手机强太多了 大品牌就是值得信赖
j***z,star5,外形外观：外观大气漂亮，颜色很喜欢屏幕音效：屏幕显示完美，非常清晰拍照效果：拍照效果很好运行速度：非常快，反应迅速待机时间：可以，基本一天够用
l***e,star5,外形外观：暗紫色很特别屏幕音效：显示清晰细腻拍照效果：很好，还可以变焦，长焦端质量还可以运行速度：流畅，5g很快待机时间：很长，一天一充就可以
殇***i,star5,外形外观：外观这一块苹果没的说，绝对是长在我的审美上，这么多年第一次买全新的苹果，也算是满足一级小愿望，后壳磨砂很有质感，但是侧框比较容易沾指纹和灰尘，用手机壳也会让按键有一定的磨损掉漆，这一点个人觉得以后可以改进一下，屏幕音效：屏幕很好用显色很舒服，音效杠杠滴，最起码在我用过那么多的手机里边绝对是最好的之一。拍照效果：拍照效果很好，虽说跟国产机动辄几个亿的像素没法比，放大后的细节还是有点拖后腿，但是算法很不错，所以照片拍下来也是甩国产几条街。运行速度：速度也非常好，新买的手机虽说用了两个月了，但是苹果是出了名的流畅顺滑和抗用。卡顿头两年应该不会出现。待机时间：待机时间是苹果的短板啦，不过用一天基本没问题，我基本上上下班听歌看视频，白天有时候玩半天金铲铲，基本上一天也够用。其他特色：没有拍外包装，苹果的外包装盒子没啥可以说的，这两年老是拿环保说事，懂得都懂。总得来说这款手机个人非常喜欢，也是我斟酌许久才定下来买的。直面屏，保留非大屏这两条是我买这款手机最大的原因。国产机涨价厉害，而且都是曲面屏，且大屏，不实用，全是花里胡哨，性价比和个人使用习惯都不满足，最后选择这款。希望苹果再接再厉。以后还会再买。
c***6,star5,618京东的优惠力度还是蛮大的，这款上市有这么久了，优惠确实到位了，对比了plus、 pro 、pro max三种，大小、处理器、摄像头、重量、待机时间等综合下来，还是选pro最合适，毕竟送老婆的，太大、太重不好，而且pro和plus对比摄像头、处理器有大提升。老婆很喜欢它的摄像头拍照的真实，屏幕大黑边说实话我不是很喜欢。
a***i,star5,用电量太快了、早知上max 、不差这点钱的朋友们建议上大杯、pro基本上每天两充拍照效果：很清晰运行速度：快待机时间：短
M***7,star5,外形外观：一如既往的精致，紫色太好看了，显气质！屏幕音效：屏幕很好看，灵动岛可以说是完美到极致。拍照效果：相素高，拍照很清晰。运行速度：很流畅，总之很赞??
被***鸡,star5,外形外观：依旧是手机领头羊质感无敌拍照效果：拍照录像完全无压力运行速度：在这里选购安全方便快捷?，快递小哥态度非常好，这个价格非常给力?，十分推荐，会继续回购
j***3,star5,手机很快就收到，质感很好！用了几天手机质量非常好，外观很高大，手持，握感非常好，电池续航能力很强，一天都不用充电，拍照效果很好，画质很清晰，帧数很高，显示效果很好，分辦率很清晰，运行速度非常流畅，物流配送速度非常快！很愉快的一次购物体验！
t***j,star5,手机拍照功能真的很好，人像和电影效果的视频都可以调整光圈。外形外观：超级好。屏幕音效：很棒拍照效果：亮点非常多
陌***Y,star5,外形外观：非常美观，完全没话说，买到就是赚到屏幕音效：屏幕分辨率很高，很清晰，音效也很不错拍照效果：4800w像素嘎嘎厉害运行速度：很快！待机时间：一天一充，或者两天一充完全没压力其他特色：整体体验很不错，值得入手！
w***王,star5,外形外观：看着真不错。屏幕音效：声音挺大的，看着也很好。拍照效果：挺清晰的。我的脸有个痘痘都能看见?运行速度：挺快的。待机时间：我试试。其他特色：颜色看着不错，挺黑的，挺好看的。
怪***了,star5,外形外观：选择黑色百看不厌，外观经典6.1英寸屏幕音效：1080p高清，清晰度高，音效杠杠的拍照效果：4800万后置像素?1200万前置运行速度：ios系统运行速度，流畅度无需多言待机时间：待机一般
j***Y,star5,外形外观：外形很漂亮，握持很舒服屏幕音效：屏幕显示很清晰，眼睛没有出现不适情况拍照效果：拍照清晰，人像效果很好运行速度：运行速度快没有卡顿情况待机时间：低频率使用一天一充其他特色：整体使用感受很好，手机没有出现网传使用过程中的问题
方***爷,star5,"拿在手里沉甸甸的，但是触感很好，运行很快,，用着不发烫，另外续航也很可以，平时待机的话比之前用的长了很久。信号也挺稳定的，毕竟是4g变5g感觉还是顺畅了很多的，而且关键是拍照也很棒，对 比以前也是有了很大的提升，还是很满意的，以后岁没有问题再追评。"
爱***呀,star5,外形外观：外观非常漂亮，我非常喜欢。屏幕音效：屏幕非常大，看电影体验感非常好。拍照效果：拍照的效果非常清晰。运行速度：运行速度非常快。待机时间：待机时间非常长，一般能用一天左右。
j***e,star5,宝贝收到了，外观非常漂亮，去小刘海造型更好看。屏幕不错，操作简单，音效很好，高清晰度音效。拍照效果杆杆的，逼真还原无色差，拍出效果高清，视频高清。运行速度流畅无比！
一***鱼,star5,外形外观：白色磨砂，很有质感屏幕音效：苹果虽然续航不行，音效还是挺不错的拍照效果：可以调成4800w像素，很清晰运行速度：运行速度没的说，非常流畅待机时间：续航不行，晚上放那不用，一夜都能掉百分之8的电
j***f,star3,使用一段时间发展对焦容易跑焦！
j***9,star5,外形外观：选择了常规色~黑色，简单大方屏幕音效：屏幕质感很好，灵敏性好拍照效果：拍照真实待机时间：待机时间长，充电比较快其他特色：和我的手机壳比较配
d***e,star5,外形外观：外观就不用说了，一直这个样子屏幕音效：屏幕完美，音响biu特否拍照效果：拍照效果一直都很好，录视频就更加不用说了，
j***w,star5,苹果手机无论从设计 做工 材质一直都是业界天花板 屏幕显示细腻 系统运行流畅 音质配合苹果耳机相当棒 照相还原真实 整体没有短板
臭***鑫,star5,外形外观非常漂亮，方方正正的，又回到当初用5s时的感觉，一直都喜欢苹果的方正型设计，屏幕超级清楚，音效也好，拍照?效果一流，4800万像素的提升不是一点点?呀，最新A16仿生处理器运行起来极快
j***L,star5,外形外观：很漂亮啦 女孩子都喜欢的银色 百搭手机壳哦拍照效果：很清晰！毛发拍的也很清楚 就是经常不聚焦！待机时间：不打游戏正常使用一天没问题啦 一天一充运行速度：iOS的顺滑也是体验到啦 很流畅哦
G***H,star5,外形外观：大小合适，拿起来很方便。屏幕音效：显示超级清晰，声音也很大，不怕打电话听不见了拍照效果：就和买了个摄像机一样，拍的非常清楚运行速度：很流畅，非常丝滑
臭***鑫,star5,使用一段时间，无网传各种问题，总体来说值得拥有，新机屏幕大，手感重，音效效果非常棒，?立体感，续航时间长，使用频繁一天一充，拍照?色彩还原度高，灵动岛设计别致，体验很棒
O***E,star5,外形外观：苹果颜值就无需多言了，很漂亮屏幕音效：显示效果非常棒，双扬声器看电影不错拍照效果：原图照片细腻，拍照速度快运行速度：运行丝滑，送3GS一路走来从未失望
-***g,star5,外形外观：好看的紫，在不同光线下显示的颜色不一样屏幕音效：好的拍照效果：清晰运行速度：快，不错待机时间：正常用，一天一充其他特色：品质杠杠的
j***7,star5,外形外观：升级换代，好看屏幕音效：打游戏看电视剧爽拍照效果：新增了很多功能运行速度：很流畅待机时间：超级耐用其他特色：ProMax的3D雷达，好用好玩
j***8,star5,银白色的iPhone外观精致，颜色百搭。手感很润，拿着很舒服。屏幕素质高，显示清楚精细。摄像头拍照很不错，录像很稳定。系统运行流畅，没有卡顿，功能挺多。待机时间属于比较长的，毕竟电池是系列里最大的了。总体很满意。
j***O,star5,"非常好，第一次使用苹果，一次买了两台,听同事说永不会卡，感觉有点吹牛，就想试试，用了快一个月了，开始还不太习惯，现在好多了，手机大小刚好，重量比安卓机重，拿起来手感很好，外观也很漂亮，特别那三个摄像头，很难不引起人的注意拍照效果绝了，功能也很强大,不足的是电池续航不是很满意，价格也不是很满意能便宜个三五千就完美了哈哈哈"
海***言,star5,A16芯片，动力十足，4800w像素主摄，细节满满。XDR显示屏，舒适观感，灵动岛功能，强力出圈，续航强劲用到底。物流速度很快，客服服务周到，满意。持续使用体验中
j***s,star5,外形外观：这款苹果手机...外观时尚潮流，很适合当下潮流屏幕音效：屏幕色彩艳丽...环绕立体声音响拍照效果：拍照像素很高...色泽艳丽运行速度：运行速度很快待机时间：很好，基本上可以满足日常需要其他特色：快递配送神速
B***R,star5,外形外观：银色永远是最好看的，经典配色，非常好搭配手机壳屏幕音效：显示效果非常好，息屏显示很方便拍照效果：拍照有提升，白平衡准确，不偏色了，对焦速度快了运行速度：运行速度一如既往的快，动画丝滑待机时间：待机时间妥妥的够用其他特色：灵动岛适配的也不错了，很多新功能了
j***2,star5,通信音质很好，很清晰。显示效果方面也很好，颜色很正，紫色好有质感，显得很高级，不锈钢边框手感非常好，屏幕音效方面高刷屏幕刷网页很快。拍照效果还原度很高，尤其是夜景，非常惊艳。运行速度非常快，满足日常一切所需，新机子待机没问题
炜***唯,star5,外形外观：外观外形总体来说还不错，外观很漂亮屏幕音效：屏幕效果挺不错的，比较苹果拍照效果：拍照很清晰运行速度：可以，没啥卡顿待机时间：新机还是挺长的
j***r,star5,外形外观：银白色真的超好看屏幕音效：常规拍照效果：高清晰度，夜晚拍照也超赞运行速度：流畅不卡顿
S***o,star5,拍照效果：效果特别棒，像素好，拍出来比较真实，不假运行速度：果粉都知道，运行快，不会卡。外形外观：紫色闭眼入。屏幕音效：音质好。
h***g,star5,手机不错 看了一阵才下单的 还行吧 用了有段时间了 反正苹果手机来来回回都差不多 外观还是很不错的屏幕音效：很好拍照效果：很好运行速度：很好除了不好的都挺好的
1***-,star5,外观颜值高，续航增强了，手机手感一流，4800W像素效果提升明显，比以前的更清晰了，无卡顿感觉，非常的丝滑流畅，手机电量用一天完全没有问题。进步非常的大，音质也很好。完美
法***弟,star3,还行吧。主打的就是一个热
我***王,star5,iPhone14pro系列真的非常棒，屏幕清晰明亮，系统流畅，还有120hz的高刷新率，灵动岛灵动又强大。主要是能显示很多外卖和点餐信息，4800万摄像头拍摄很清晰，喜欢苹果独家调教的拍摄风格，果断好评
大***了,star5,外观手机顶尖时尚 设计感极强 材质感也是一流的 同级别手机天花板 没有对手 屏幕显示 运行 音质各方面都是最出色了
j***p,star5,外形外观：漂亮，觉得非常可以屏幕音效：声音好听拍照效果：拍照很清晰啊运行速度：速度快啊待机时间：时间还是可以的其他特色：期待电量长，手机充电快，哈哈哈哈一个苹果手机确实可以用几年，保值率还可以，相对于升级来说，还是有待提高。
j***h,star5,618在京东买的、价格较平常优惠了，很多非常的划算，性价比高，宝贝确实是正品，然后用起来感觉14 Pro性能确实不错，特别是拍照，感觉相较于iPhone 13提升很多，这个快充也很给力，一般两小时左右就能充满。
b***了,star5,外形外观：很对我胃口，方正又圆润，朴素屏幕音效：特地多了下我目前用的se3，提升很大，音质很不错拍照效果：虽然不是目前最强拍照，但是拍照和摄影体验很好，适合小白，普通人也能拍出美照运行速度：不用说，必定快待机时间：从se3换到14pro，续航感觉明显提升其他特色：可以双卡，信号虽然还是比较差，但比我原来的机子还是有提升的。选择苹果的最大原因是ios系统对我来说很好用，对于医学生来说有提升学习效率的作用，苹果的产品生态有利于我对医学知识进行归纳总结和复盘，这是以前在安卓生态未能完整体验的。
l***j,star5,我对iPhone 14 Pro的购买非常满意。它的性能和功能都非常出色，让我对这款手机赞不绝口。它的超级视网膜显示屏让我享受到了精美细腻的画面，观看视频和照片的体验非常出色。拍摄功能也非常强大，无论是日常生活还是旅行拍摄，都可以得到高质量的照片和视频。此外，它的处理器和内存配置非常强大，运行速度极快，应用程序的打开和切换都非常流畅。还有，它的续航能力也非常出色，一整天的使用都不需要频繁充电。总而言之，买了这款iPhone 14 Pro后真的觉得物超所值，强烈推荐给其他消费者！
j***p,star5,外形外观：灵动岛可以啊，出去非常有排面屏幕音效：声音非常大，听着很清楚拍照效果：拍照很清晰运行速度：速度很快，比较流畅的待机时间：待机时间很长，比之前的好
一***斤,star5,颜值爆表，手感舒适，相机一流，响应速度巨快，屏幕真的一看就是好手机的屏幕，重量也刚刚好，用了一段时间了，续航还是不错的。
c***年,star5,不太懂手机，这个家人给的生日礼物。但使用后觉得续航，相机和音质很好。尤其相机在刚刚旅游途中使用很满意。简直张张大片。充电感觉有点慢。拍照效果：张张大片待机时间：续航非常满意
T***o,star5,外形外观：银色很好看，大小刚好合适，手感非常好屏幕音效：屏幕细腻，分辨率高，音质很立体拍照效果：4800万像素，拍照视频都非常出色运行速度：苹果最强手机处理器，速度很快
j***W,star5,屏幕音效：屏幕很好看运行速度：使用好非常好，高刷也很流畅待机时间：待机时间还不错，经常使用一天一充也完全没问题，很推荐
j***f,star5,苹果手机没什么说的，果断入手，外观设计时尚大气，机身看起来非常美观。屏幕显示效果非常出色，色彩鲜艳，观影体验很棒。拍照效果更是一流，夜景模式清晰度非常高，拍出来的照片质量让人惊艳。性能方面更不用说，运行速度快，续航也还行吧！
j***s,star5,外形外观：这款苹果14por外观时尚靓丽...适合时下流行屏幕音效：屏幕色彩靓丽...音质出众拍照效果：拍照效果很好...像素很高运行速度：运行速度很快待机时间：适合日常所需其他特色：快递配送速度很快
8***兔,star5,非常漂亮的外观，方方正正的，一直都习惯苹果的方正型设计。屏幕超级清楚，音效也很好，一流的拍照效果，像素高，处理器运行起来速度非常快！这款手机很满意。
s***i,star5,外形外观：简约大方，经久耐看！时尚大气！屏幕音效：专业音质播放，听歌看电影体验非常好！拍照效果：画面清晰，拍照快捷！运行速度：运行流畅，程序可多开！待机时间：两天一冲！其他特色：物美价廉！
城***摊,star5,从12换到14pro，续航还行，拍照完美，打开APP都是秒开，再也不用担心杀后台，运行速度很快，现在最新一套的全家桶齐了 赞
竹***1,star5,上一个手机用的是苹果12，这次改用苹果14pro了，14pro比12重一点，更显质感，拿在手上比较有分量。流畅度很好，关键照相机很强大的，出门就爱拍照，说实话，苹果手机的相机拍照真的很真实，不过我很喜欢这种真实感。值得试一下。但是续航还是有点短。
小***6,star5,安全下车，很不错哦，拍照功能真太强大了外形外观：屏幕清晰，外观高考，屏幕音效：音质?分，运行速度：流畅很多，比安卓好待机时间：可以用30小时
J***k,star5,三星转苹果外形外观：深紫色的外观真的很有魅力，低调不张扬屏幕音效：屏幕清晰，不习惯这个特别宽的黑边，音效比较真实拍照效果：放大倍数一般，自拍真的特别的真实运行速度：很快
粗***丘,star5,挺好的，京东质量值得保证外形外观：好看，感觉很时尚屏幕音效：音质不错，清晰拍照效果：拍照很清晰的运行速度：很流畅
u***2,star5,手机不错，非常nice显示非常鲜艳，运行流畅，多开没什么问题，激活成功之后就可以畅快玩耍了，快和朋友们一起来王者荣耀吧游戏过程中也是没有什么卡顿的通话，质量不错，非常的nice
u***5,star5,物流很快，隔天就收到了，颜色很炫酷，外观设科技感满满，拿手里质感很足，玩游戏很流畅，高音质，喜欢。客服服务到位，不耐其烦的讲解。
爱***3,star5,哈哈哈哈 618活动补贴的时候买的，太划算了。灵动岛真香。电池也比13续航能力强不少。喜欢。拍照功能也很强大。大小合适。用起来手感不错。
j***e,star5,这款苹果手机我已经用了一段时间，发现这款手机的拍照非常的清晰，绝绝子，续航能力也很强，也不会容易卡顿，充电速度很快，而且还有灵动岛里面的功能非常的强大用了会觉得很方便
S***Z,star5,外形外观：外观新颖 灵动岛很有特色屏幕音效：屏幕素质非常优秀拍照效果：拍照效果完美运行速度：ios系统和a16的配合让我一点都感觉不到卡顿
v***w,star5,黑色一如既往的喜欢，担心品控不好还拍了开箱视频，一开始发热严重，升级以后用了半个月差不多没有很热的情况了，好用，流畅，拍照不错，依然满意
H***u,star5,比较了好几个平台的价格，还是京东最优惠，初上手的第一感觉就是又轻又薄，颜值爆表，拍照效果很好，相机很强，整体性能也挺不错的，电池很耐用。总体来说使用感受很不错，性价比很高，值得小伙伴儿入手！
j***2,star5,很棒，最终还是安卓换回苹果，运行起来十分流畅，系统及各方面的设置都突出一个简约干净！这代在拍照方面也非常出色！续航方面也相当可以，日常一天一充足矣，外观也很时尚大方上档次
H***0,star5,q外形外观：时尚，比之前的好看屏幕音效：比起安卓偏黄，我是习惯了拍照效果：真实无美颜运行速度：快快快待机时间：都差不多吧其他特色：紫色好看的一批
M***P,star5,金色非常大气，1TB目前够用了，最好还有更大的容量！拍照摄像头发热还是存在，不知道后面版本能不能改善！总体满意
S***0,star5,京东自营的，买的放心，续航很好，运行非常流畅，拍照简直不要太清晰了，颜值也很高！玩游戏也非常流畅，反应速度很快，操作流畅，拍照真的太爱了，尤其是夜景，非常惊艳，很好！
辉***辉,star5,昨晚下单今天就到了，手机颜值很高，速度更快，外形外观：非常漂亮的一款手机屏幕音效：非常不错，立体的拍照效果：很适合拍照
海***8,star5,618活动购买的，性价比高。还是白色最耐看，高端、大气，屏幕清晰度超好，处理器速度快，不卡顿，充电有点发热，另外买了原装充电头，好评！
祥***9,star5,"还不错，之前用的11pm已经感觉产能过剩了，买了这个新升级确实没啥太大的惊喜感，感觉和11差不多，当然摄像头看着比较厉害，比之前大很多。整体操作流畅度反应速度都没有太大的直观改观。手感好很多喜欢这种磨砂感比""毛玻璃""舒服，但是边框什么时候可以改变一下，简直太容易吸纳指纹了而且磕碰很容易产生痕迹，本人喜欢裸机使用，强迫症只能带保护壳了，希望苹果接下来的产品可以做成一体化的金属磨砂材质。另外疫情原因京东快递小哥辛苦了，大晚上还不忘记派送快递，在冬至的寒冷天气下早早用上新手机。"
g***n,star5,京东物流一直很给力，之前只用过4S，这一次已经是14了，中间用了很多安卓，和安卓的感觉很不一样，的确屏幕顺滑，显示效果细腻，系统无卡顿，但是软件自由度上和安卓毫无可比性，什么都要付费，所以苹果安卓同时使用。15的配置已经出来了，没啥吸引力，618期间价格给力就出手了，纠结了半天最后还是买了黑色，给老婆的白色，原来安卓的是紫色，完美?
紫***1,star5,京东自营买的苹果手机特别好，外观漂亮无瑕疵，屏幕音效好，拍照像素高、清晰度高，256的运行速度快，待机时间长，比实体价位实惠许多，特别喜欢这个银色，京东的忠实会员
路***h,star5,iPhone 14 Pro真的是超乎想象的棒！首先，它的屏幕画质简直细腻到惊人，色彩鲜艳又真实。其次，处理器的速度让我感受到了极致的流畅，打开应用、切换界面都秒开无卡顿。还有，摄像头的表现更是令人惊艳，拍照和拍摄视频都能捕捉到细节，非常清晰。简直就是一台完美的手机！
r***7,star5,外形外观：大小合适，一只手可以掌握操控，颜色干净耐看屏幕音效：屏幕和音效都没有问题拍照效果：拍照也很清晰智能，喜欢人像模式运行速度：新手机的速度自然没什么问题的待机时间：pro 的问题就是电量捉急
z***逝,star5,这苹果手机用起来还是不错的，很小巧，摄像头也改了，拍照很清晰，运行速度非常可以，很不错，618活动买的，价钱也可以！
J***l,star5,"音质听者不错,苹果的包装很不错,用了一段时间才来评价;小白真的很美魏，系统一如很顺房，简单配个送明壳就很好者，正品值得信執，用了几天没有任何问题，而且没翻车哦安全下车,续航还不错当然颜值没的说,系统稳定流畅,反应速度很快"
电***7,star5,原封未拆封的，官网查询未激活，送人刚刚好！外形外观：很漂亮屏幕音效：色彩鲜艳，音质美丽拍照效果：很不错的运行速度：系统运行很快待机时间：可以持续一天其他特色：很合适的一款手机
j***v,star5,手机收到了  白色的简直美爆了，细腻 光滑有质感，屏幕显示顶级水平，灵动岛看起来挺不错的，拍照清晰，电影模式很棒，用了一段时间，运行非常流畅。京东送货上门  速度很快  好评！
l***i,star5,材质优秀，机身轻薄，使用体验不错，与订单相符，拍照挺好看的，亮度不刺眼，手感真的好，功能挺好的，使用起来很好，价格没的说，外观非常好看，用了几天来评价的，品牌的值得信赖，大家放心购买吧！
m***f,star5,想买紫色的没有，就买了个金色的，给孩子买的说挺好的，但毕竟这个价格在哪里也应该好啊。不得不说一句，物流非常好，零点下单，中午到货。外形外观：挺好的拍照效果：很不错运行速度：很快的待机时间：目前还行其他特色：贵贵贵屏幕音效：非常好
长***女,star5,外形外观：金色也很好看拍照效果：拍照特别漂亮屏幕音效：屏幕素质高运行速度：运行速度特别快618活动买的，优惠力度特别大，价格实惠
j***d,star5,挺好用的，物流服务都很好，新机器就是香，后面继续用下看看，耐看，手感好，屏幕看的就是舒服，高刷就是舒服，感觉打游戏也不错。
y***s,star5,作为一款高端智能手机，Apple iPhone 14 Pro Max (A2896) 128GB 无疑是一款很棒的手机。首先，这款手机拥有强大的性能，其搭载的A15仿生芯片可以处理各种复杂任务，运行速度非常快。其次，这款手机拥有一块非常大的屏幕，满足了我在观看视频和玩游戏时对显示效果的高要求。同时，这款手机的暗紫色外观设计也很漂亮，让我在使用时感觉很舒适。此外，这款手机还支持移动联通电信5 G以及双卡双待功能，用户可以快速、稳定地使用网络，也可以灵活使用两张SIM卡。总之，我非常满意这款Apple iPhone 14 Pro Max (A2896) 128GB手机，并且相信这款手机会成为市场上的一款热门商品。
j***m,star5,外形外观：外观真的是气派大方 很适合我的审美屏幕音效：屏幕光滑细腻 音效很棒拍照效果：拍照效果顶级运行速度：运行速度十分流畅
歖***柠,star5,银色很好看，大小也是刚刚好、屏幕分辨率很高、音效完美、拍照没得说、就是后台运行掉的比较多，电池续航的话也一般
u***n,star5,喜欢苹果手机，漂亮，颜色柔和好看，像素高，照相特别棒！犹豫了好久买哪款，去实体店看看，觉得14pro大小合适，买了。
u***l,star5,运行速度蛮快的，轻巧方便携带，很适合作为副机日常使用～挂挂游戏，做任务什么的也很流畅，其他方面没啥要求，所以也挺好的，待机时间还可以，一天充一次电够用了～
奇***l,star5,苹果14pro已经收到了，很是喜欢苹果手机，从五代用到14真心喜欢，特别是外观，超级棒，屏幕也是很有丝滑，音效也是很有立体声，拍照效果更是牛的很，运行速度也是超级快，待机时间也是提升了很多！
我***_,star5,宝贝第二天就收到了 很棒啊这款配色和性能都是一级棒 拍照也很超级清晰 暗紫色我心动了好久 运行很流畅 电池性能相对来说也是很不错的 一整天下来基本上没什么问题
L***z,star5,时尚、简洁的设计语言高质量的玻璃和金属材料出色的性能表现，包括A16芯片和超长续航能力三摄设计，包括广角、超广角和长焦镜头强大的电池寿命和快速充电功能
三***n,star5,拿到手，这个紫色觉了，特别喜欢，还没激活使用，不过应该都是很不错的，送给别人的礼物，希望喜欢，亲爱的朋友，收到礼物希望你以后开开心心的，幸福做自己吧
M***_,star5,刚收到手机热乎乎的，非常好看的金色，这次没有选择暗夜紫是一件正确的事，没有满大街撞款，很好看也非常好用
t***v,star5,灵动岛的设计非常的棒，电池的续航也很给力，整个手机拿在手里手感非常的不错，使用起来流畅顺滑A 16处理器很给力
风***在,star5,屏幕画质非常出色，色彩鲜艳，细节清晰。性能方面更是强大，运行流畅且响应迅速。拍照功能也非常出众，相机的画质和功能都十分出色，无论是日常拍摄还是夜间景色，都能够捕捉到令人惊艳的瞬间。
u***q,star5,相信京东，确认国行全新未拆封，声音清晰，色彩自然，对比 度高，户外也能看拍照效果：像素很清晰，色彩很鲜明，发货速度也是没的说。
灰***4,star5,很好，很有质感，画面清晰，速度很快，14pro不错，买的256个g的，容量大些，东西存得多，续航长，摄像广角清晰，系统便捷，系统性能良好。
阿***脚,star5,还是喜欢在京东买手机，在这买手机安全有保障，这是14Pro心心念念很久了，终于等到了，真的很很好用，冲一次电能用上一天，运行方面也很棒，下次还来买。
j***坤,star5,外形外观：作工很好屏幕音效：promotion特别丝滑，灵动岛 yyds，苹果的屏幕看起来真的舒服拍照效果：Pro raw 好清楚，就是一张照片 80mb百亿补贴安全下车，一手机，京东营值得信赖
小***1,star5,屏幕效果杠杠的！4800万像素的主摄像头还是很给力的，照片质量还是不错，运动模式确实稳。一句话：A16永远的神！一般轻度使用的话用一天都还能省一半的电，苹果手机真的拥有优秀的生态系统和流畅的运行速度！
j***6,star5,苹果手机依然很流畅，因为我手小买的是14pro，买的1tb的内存，上一个手机老没有内存，这次咬咬牙跺跺脚买了个1tb，颜色也非常喜欢，待机也很长使用感不错yyds
j***4,star5,续航很好拍照清晰运行畅快第一次在平台购买iphone 14pro手机，活动价格优惠力度非常大，很划算的一次购物体验，物流送货很快，东西包装也很好，没有一点破损挤压，收到货之后打开手机，银色真的好惊艳。太好看了，系统也很顺滑，可以说是很完美。
米***圳,star5,新手机性能好续航长比以前的iPhone 6好太多了。手机很人性化，用的也是最新的灵动岛系统。爸爸非常满意！
飘***远,star5,手感很不错，不大不小的刚刚好。用了一个多月今天才来评论，这么久没有发现任何问题，拍照，系统，续航等都体验很不错，值得这个价。
j***D,star5,京东自营，值得信赖。包装严谨完好无损，京东快递速度很快，价格实惠比实体店便宜一些，日期都是最新的，这款 iphone14pro非常不错，质量非常好，运行速度非常快，拍照效果清晰度很高，外观漂亮大气上档次，音效音质非常好。
别***人,star5,非常棒啊 送的也是超快 银色特别耐看 应该是颜值最高的一款了 给七大姑八大姨都买了 没有一个人是不喜欢的 确实是好手机 质感非常棒 拿在手里不是其他手机可以比的
河***蟹,star5,"我购买了这款iPhone 14,真的是太棒了！首先，它的外观设计非常漂亮，手感也很好，让我爱不释手。其次，手机的性能也非常强大，运行速度很快，玩游戏、看视频都非常流畅。最重要的是，这款手机的摄像头拍照效果非常出色，照片清晰度高，色彩还原度也很好，让我拍出了很多美丽的照片。总之，我非常满意这次购物体验，强烈推荐大家购买这款iPhone 14!"
旧***5,star5,最爱的银白色，拿在手里就不想放下，感觉全方面升级了 拍照体验极佳，平时就喜欢拍照录视频，手机很好很喜欢
j***g,star5,操作十分新鲜便捷，外观精致美观，材质用起来手感和质感相当不错，屏幕有很高的分辨率，流畅性很棒，电池比较耐用，色彩效果动态很好。
马***跳,star5,外形外观：这个手机大气上档次拍照效果：拍照非常清晰。晚上拍照也很不错待机时间：手机待机时间比以前的那个手机长的更多
-***-,star5,价格合适，是正品，反应速度快，一点都不卡，屏幕没坏点，通信信号正常，拍照效果好，待机时间也长，很喜欢
蜗***力,star5,手机不错618搞活动的时候购买的 优惠了1500用起来确实不错 拍照很清晰 颜值也不错 电池比之前也耐用很多 点个赞支持下
j***o,star5,身边很多人都在买紫色，确实紫色也很好看，但是想来想去还是喜欢黑色，真的是非常有高级感，超级好看，用了几天总体来说，体验感很不错，关键是618..价格很合适哈哈
蜜***甜,star5,非常不错的一款产品，质量非常的好，性价比非常高，用着方便，实用，非常喜欢，客服态度非常不错，总之很完美，满意，强烈的推荐
李***青,star5,京东发货送货速度超快，晚上下单，第二天早上就送到了，给京东和快递小哥点赞。苹果手机老用户，用习惯了，上一个苹果手机用坏了，赶紧再买一个。苹果14pro外观设计真漂亮，好用。
L***-,star5,送货速度超快，机子不错，银色加白色边框真的超级的高级，背面哑光雾面的手感简直perfect，戴手机壳或者裸机都很干净，爱了爱了。
j***k,star5,刚打开就看到精致做工细节满满，黑色大气上档次，质感爆满，让你觉得很给足面子，苹果系统的稳定性一直优秀！
x***7,star5,买数码产品还是相信京东自营，活动的时候还有优惠，手机非常流畅，手感好，像素高，快递快，服务好，用了一段时间才来评价(?ì _ í?)
小***牛,star5,买了好几次了，物流很快，机器速度很快，灵动岛很新颖，待机时间也很长，新手机可以用一天，包装也很简洁！好评！
j***s,star5,一开始喜欢的是银白的，去实体店看被这个金色吸引，和之前的金色不一样，又很好配壳子百搭又奶呼，真的是超爱啊。拍照带微距，可以拍我的小花花，超赞
c***h,star5,618年中大促之前下单，IOS16.4.1，前两天使用时续航不给力，掉电很快，夜间待机电量损耗4-5%，使用了三天后续航稳定了，夜间待机损耗1%，中度使用可以撑一天。
牛***1,star5,外形外观：轻薄好看屏幕音效：很好拍照效果：清晰运行速度：快速待机时间：长很不错，支持。主要是系统非常快，不卡机，不闪退。还是不吃的。
丫***虫,star5,物流速度快，基本不用等太多时间、这个京东一直做的很好。手机是全新的，拆开太完美了，真的棒。外形外观：好看，很适合我，耐看屏幕音效：屏幕分辨率很高拍照效果：好，照片细腻运行速度：很快，不卡顿待机时间：长，刷视频都能好久
q***戏,star5,女朋友买的这个手机，看周边年轻人用苹果比较多所以继续用回苹果了。这款手机拍照好像非常清晰，苹果比我想的要好很多，和以前用的不一样了
U***7,star5,续航能力:很好拍照效果:清晰 运行速度:畅快银色这颜	色真的太治愈啦，屏幕好大好爽，拍	照也特别清晰，o(▽)d也非常炫酷!很有分量，拿在手里沉甸甸的，触感很好，128G运行很快，用着不发烫，平时待机的话比之前用的64g长了很久。信号也挺稳定的
非***4,star5,外形外观：大气，比一般的手机沉屏幕音效：效果绝佳拍照效果：这是最满意的一点，超级好用运行速度：一点也不卡，反应快待机时间：一天用下来没有问题
j***w,star5,外观设计：iPhone 14pro的外观设计非常出色。它采用了流线型的金属边框和玻璃背板，给人一种高质感和精致感。手机的屏幕边框更窄，使得显示屏占比更高，提供了更为沉浸式的视觉体验。显示屏：14pro配备了令人印象深刻的6.7英寸OLED显示屏，色彩鲜艳且细节清晰。高分辨率和出色的对比度带来了极佳的视觉效果，无论是观看视频、浏览照片还是玩游戏，都能给你带来绝佳的视觉享受。性能表现：14ro搭载了最新的A15 Bionic芯片，性能非常强大。无论是多任务处理、运行复杂应用还是玩高画质游戏，都能够流畅运行。同时，配备的6GB RAM进一步提升了系统的响应速度和应用的加载速度。摄影能力：iPhone一直以来都在摄影领域表现出色，14pro也不例外。它搭载了卓越的三摄系统，包括主摄像头、超广角镜头和长焦镜头。无论是日常拍摄还是夜间拍摄，它都能够捕捉到细节丰富、色彩自然的照片和视频。此外，夜景模式的改进让低光环境下的拍摄效果更出色。电池续航：14Pro的电池续航表现令人满意。即使在高负荷使用下，它的电池寿命也能够让我放心使用一整天。同时，支持无线充电和快速充电功能，方便实用。
伍***景,star5,外形外观：时尚潮流，美观大气。拍照效果：还原细节，非常清晰。运行速度：非常流畅，纵享丝滑。待机时间：超长待机。屏幕音效：屏幕素质高，音质好！
小***7,star5,14 Pro具备出色的摄像头系统，拍摄出色的照片和视频，尤其在低光条件下表现出色。支持5G网络和卓越的电池寿命，卓越的连接性和使用时间。总的来说，苹果14 Pro是一款非常棒的手机，为我们提供了卓越的性能、精美的显示和出色的摄影能力。
****丝,star3,电池顶不住呀，其他都挺好
珠***1,star5,食會，暗紫色，512GB外形外观：颜色很正，很显高档，不锈钢边框手感非常好屏幕音效：高刷屏幕刷网页很跟手拍照效果：还原度很高，尤其是夜景，非常惊艳运行速度：非常快，满足日常一切所需待机时间：新机子待机没问题
j***u,star5,外形外观：很好看，屏幕音效：屏幕大，音效好，声音大拍照效果：拍照清晰好看运行速度：运行速度快，不卡顿，待机时间：待机时间长，很不错
1***2,star5,外形外观：很不错，大小也合适，适合使用屏幕音效：屏幕分辨率高，挺舒适拍照效果：像素很高，看着很不错运行速度：运行很流畅，不会卡
m***2,star5,618活动太给力了，活动期间换手机是最划算的，苹果老粉，手机流畅，可以用很久，手机拍照也很不错，前后摄像头都很不错，
聆***8,star5,外形外观：算是很好看了，看上去特别喜欢屏幕音效：放音乐感觉特别好听，低音炮的感觉拍照效果：冲着拍照买的，暂时还没有摸索透运行速度：很快待机时间：一天一充                     随手拍效果
方***3,star5,外形外观：外观很精致，手感稍微有点硌手，带上壳子就好了屏幕音效：屏幕显示很细腻，色彩艳丽，拍照效果：拍照很棒，很真实，广角，微距，人像都很棒运行速度：iOS系统很流畅，系统的易用性很棒，给老婆的生日礼物，老婆很喜欢，也很满意，
j***0,star5,外形外观：外观很漂亮，银色很好看，非常的喜欢拍照效果：拍照效果一流，可以用手机来拍照了待机时间：待机久，一天重度使用也足够了运行速度：高刷没得说，一如既往的流畅丝滑
h***0,star5,拍照清晰续航很好运行畅快 iPhone14Pro 外观颜值很高，手机手感一流，4800W像素效果提升非常明显。比以前的更清晰了，ios系统运行速度非常流畅，无卡顿感觉，玩游戏爽呆了，非常的丝滑流畅，续航也很顶，充满电用1整天没问题
丁***o,star5,外形外观：造型完美，大小合适屏幕音效：音效不夸张，屏幕效果出众拍照效果：夜拍效果提升很大，还防抖运行速度：超级流畅待机时间：能用一整天其他特色：灵动岛极具特色不错
胜***1,star5,手机收到了，相中好久了！昨天拍的今天就到了，物流超快，客服态度也很棒！拿回来只要信号好，网速可以的，打了3把王者，嘎嘎流畅！
F***M,star5,外形外观：很漂亮，很喜欢，暗夜紫yyds屏幕音效：听歌音质很好拍照效果：开了4800w像素，拍照一张70多m大，绝了运行速度：很流畅待机时间：用的频繁一天一充吧其他特色：刚刚旧手机用了三年多，电池不耐用了，赶上618果断入手了，第一次用苹果手机，还在研究当中～颜值没得说，很好看。
w***2,star5,这个苹果手机真的非常棒，使用体验很好，领导很喜欢，毕竟一分价钱一分货，京东快递也非常给力，很快就能送到！
丫***虫,star5,是手机是正品，各方面使用很好，拍照完美，物流速度也很快，一下子就到了，京东、值得信赖，一直都用京东购物，棒！外形外观：很好看，紫色完美屏幕音效：有高刷，游戏好，流畅拍照效果：拍照很细腻运行速度：运行快，不卡顿待机时间：待机时间长
小***啦,star5,外形外观：颜值超高，白色素雅，高冷感极强！屏幕音效：音效佳，屏幕质感好，清晰度高！拍照效果：拍照效果好，非常清晰，自动调节运行速度：8g运行内存，非常流畅
j***u,star5,外形外观：简洁大方，颜色好看。很薄。拍照效果：所有手机中拍视频最清晰的。运行速度：非常快，不卡。待机时间：超长待机。充电也快。
小***何,star5,"金色的绝美啊，顶不住了。质量非常好，与卖家描述的完全一致，非常满意, 真的很喜欢，完全超出期望值，发货速度非常快，包装非常仔细、严实，物流公司服务态度很好，运送速度很快，"
橙***1,star5,手机很好，触感很好，颜色好看，很耐看，这次抢的活动很优惠！外形外观：好看拍照效果：绝了运行速度：快屏幕音效：非常棒待机时间：长其他特色：不卡机
3***2,star5,手机性价比很高，虽然我不玩什么游戏，日常使用完全OK!续航一般使用能用2天。处理器很好，一直在京东购买。
j***w,star5,外形外观：很简约大气，符合我的审美观念屏幕音效：屏幕大小刚刚好，分辨率也很不错拍照效果：很清晰，像素不错运行速度：超级赞待机时间：电池感觉不太够，一天都用不到，感觉没有华为手机待机时间长
桃***1,star5,外形外观：黑色很漂亮屏幕音效：没得说，非常棒拍照效果：比之前的 11 好了不少运行速度：非常快，肉眼可见待机时间：一般般其他特色：总体来说非常满意
S***2,star5,灰常满意啊拍照效果：棒棒哒运行速度：快快滴屏幕音效：清清的外形外观：酷酷哒待机时间：长长的其他特色：除了好用还是好用苹果换苹果真太方便了，直接整机复制。太方便啦啦啦
1***2,star5,京东618活动价太给力了，比较了天猫和其他平台，最终选择了在京东下单，快递也是超快，手机的质量也好，现在家里添置物品首选京东。
枍***湦,star5,屏幕音效：触屏操作极为流畅，音效非常好外形外观：小巧精致，适合手小人群，可单手使用待机时间：没有特别耐用，但是日常使用1天多还是可以的拍照效果：清晰
h***0,star5,送货很快拍照清晰续航很好运行畅快 iPhone14Pro 外观颜值很高，手机手感一流，4800W像素效果提升非常明显。比以前的更清晰了，ios系统运行速度非常流畅，无卡顿感觉，玩游戏爽呆了，非常的丝滑流畅，续航也很顶，充满电用-天没问题。
j***g,star5,超级好！非常感谢！屏幕音效：好?，非常好拍照效果：真实运行速度：非常快待机时间：还可以吧，不算太长，也不短其他特色：都挺好啊，只要用过就知道
嘎***_,star5,我现在正在用苹果手机写评价外形外观：苹果特有风格，漂亮屏幕音效：音效清晰拍照效果：还没有拍，暂时没发现区别运行速度：流畅待机时间：很耐用
龙***學,star5,618买的，优惠券+A+会员，价格优惠了很多。外形外观：大小正好，握感舒服屏幕音效：阳光下亮度很高，非常清晰，扬声器够用拍照效果：pro4800，拍照效果很不错，特别是长焦方面，运行速度：高刷一用就回不去了，真流畅啊待机时间：中规中矩的电池，还可以其他特色：灵动岛确实比刘海屏好看点，实用性不错
陈***厚,star5,外形外观：很时尚手感很好质量很好屏幕音效：看着很舒适，声音质量也很好拍照效果：很清晰运行速度：一如既往的顺畅待机时间：不太行，玩不了多久就要充电其他特色：够大个，一手拿不过。总之好评啦
温***箭,star5,东西很好，值得购买哦！大家可以根据自己的需要来买的！质量很好，一般用几年不成问题，看上去很简单实用！性价比很高哈！值得推荐！
冰***韵,star5,外形外观：外观设计简单大气，直边的设计很好，虽然也有不足，但总体来说是很好的屏幕音效：屏幕显示很清楚，很流畅，高刷很不错的体验拍照效果：苹果的拍照一如既往的优秀运行速度：苹果系统运行起来很流畅，配上高刷的屏幕，完全ok待机时间：才使用，目前感觉还行其他特色：苹果系统，一款使用了就不想换的系统
j***k,star5,外形外观：颜色经典耐看！看起来很高端屏幕音效：屏幕颜色效果很好！音效十足拍照效果：拍照很好看，色彩丰富运行速度：很好，很快不卡顿
筱***冖,star5,手感很棒，质感很好，一直在京东购买电子产品，很满意的一次购物，京东送货也快，产品保证正品没问题，师傅送货上门，很喜欢
j***j,star5,618给老婆买的礼物，紫色256G，做工是没得说，工业艺术品的品质，紫色很好看，一体全贴合屏幕，人脸解锁很快，支持戴口罩解锁，这个很方便，听筒位置其设计很贴心，防尘，不用担心进灰尘，拍照功能很强大，超广角很广，夜间拍摄也很清晰，电池续航够我用一天，下班回家充一次，第二天续航一天，很好??！
V***9,star5,iPhone确实是比较耐用的，我的iPhone 8已经用了6年了，实在运转不了。终于要换新手机了，高效的生产力工具！618价格很合适！
u***6,star5,外形外观：手感超级好屏幕音效：还是喜欢苹果的屏幕 舒服 视觉也很好拍照效果：超级无敌 非常好 可以轻松驾驭各种场合运行速度：快快快～待机时间：24+小时其他特色：周边产品很好匹配.色彩还原效果也非常棒拍摄的照片天空树木效果非常好
1***1,star5,小巧精致，使用方便，颜值超高，质感好好屏幕音效：搭载双扬声器，全景听歌的时候靠近感觉像带了耳机一样拍照效果：拍照绝绝子最喜欢的就是三个摄像头。120赫兹速度很流畅 秒开锁屏 切换应用也非常快，待机时间：全天候显示屏待机时间长。
L***思,star5,外形外观：好看，没得说～比他好看的永远是下一代屏幕音效：挺好拍照效果：很好很清晰运行速度：全球最强芯片待机时间：拉垮～其他特色：非常棒～最早一直三星，爆破门后改果子了，用起来后就停不下来了～
幽***日,star5,安全下车咯，手感超级好，一直在纠结是pro还是pm，最终还是决定pro，手感一绝，续航的话对我来说是可以了，不怎么打游戏，还有高刷真的爽，然后这个黑色太好看啦，只是用的12绿色，看到同学用的黑色，我就觉得黑色超级好看，这次果断黑色，外观和做工就不用提了，一如既往的漂亮和精致，屏幕音效P3级别，超级清晰，颜色又正拍照效果，出片一如既往的稳又不花里胡哨，运行速度快，特别快，应用秒开，很不错！
可***花,star5,外形外观：时尚大方，很漂亮的暗紫色屏幕音效：还不错，拍照效果：还可以运行速度：新手机，目前来看还是很流畅的，待机时间：使用较少，目前可待机两天
j***鄫,star5,外形外观：简洁大方屏幕音效：屏幕很大拍照效果：像素好，拍照清晰运行速度：运行速度快待机时间：还可以其他特色：比别的手机重一些，运行速度很快。
e***7,star5,买的颜色很喜欢，拍照很好看，运行速度：很快不卡屏幕音效：特别好外形外观：好看紫色拍照效果：非常好?待机时间：很长，刚开始用应该不错
J***d,star5,东西真的很不错，质量很好，物有所值挺好的，目前没问题，后续追评. 很好的卖家。谢谢喽。我的同事们都很喜欢呢。下次再来哦真的很赞耶！产品真的很好，我表示很喜欢，赞??
取***了,star5,外形外观：大气上档次屏幕音效：高端大气上档次拍照效果：清晰运行速度：非常快待机时间：待机很久其他特色：漂亮很奈斯
任***1,star5,外形外观：紫紫我呀，真是太好看啦，暗紫色很低调。拍照效果：高清运行速度：非常快速屏幕音效：很不错待机时间：还是可以的
安***仔,star5,618买的，价格超级实惠，还有分期免息，太划算了，到手也是没有瑕疵，用起来高刷就是爽，外形外观：简约大方，拿起来刚好屏幕音效：很好拍照效果：清楚，非常好运行速度：快，不卡顿待机时间：可以，比我以前的手机好多了其他特色：发货快，优惠多，价格实惠，产品好
_***午,star5,外形外观：白色还是比较经典，好看，耐看拍照效果：拍照效果有很大的提升，很好，细致了运行速度：很快，而且不容易卡
l***8,star5,手机非常好，在平台买了好几次了，给家人基本都安排了一台，真的很划算，趁着618活动换新真的很好，现在再看价格都已经涨上去了，幸亏下手早，真滴很不错哦，希望这样的优惠活动可以多一点，美滋滋。
B***娜,star5,外观颜值很高，很漂亮，是我喜欢的款式，操作起来很方便，拍照很清晰，手机的容量很大，待机时间长，充电也很快，很适合每个年龄段使用，用起来反应特别快，我很喜欢
