https://item.jd.com/100038004359.html,"['AppleiPhone 14 Pro Max', '100038004359', '420.00g', '中国大陆', 'A16', '未公布', '暗紫色', 'IP68', 'FHD+', '以官网信息为准', '256GB', '苹果风，商务，科技', 'OLED直屏', '4800万像素', '紫色系']"
用户名,评分,评论
u***g,star5,用用了这么久了，运行还是那么丝滑，就喜欢这样子的，拍照效果：拍照很是清晰，可惜最近天气太热了，都没得出去玩，出去拍照。
j***m,star5,外形外观：手感和材质真是太棒了 真香屏幕音效：清晰无杂音，真好听拍照效果：不太玩这个，还可以吧运行速度：一如既往的流畅待机时间：跟写的时间差不多
f***6,star5,外形外观：外观没得说，颜值属于顶级?屏幕音效：屏幕清晰！音效杠杠滴？拍照效果：非常牛?自然清晰！运行速度：极速顺滑！待机时间：正常一天半！
j***D,star5,外形外观：这款7千，去入手买。很便宜开心呀，评论1図片，可以清晰可见超级舒服拍照效果：拍照很清晰呢，再也不怕拍不出好照片运行速度：运行速度也不错，使用起来不是很烫待机时间：待机时间够用的，外观设计风格简约大气上档次。屏幕大小尺寸比较合适。屏幕的分辨率比较清晰。音质效非常不错。听歌听音乐非常舒心。拍照效果特别好。照片儿拍出来比较漂亮。运行速度特别快。待机时间比较长。外观很漂亮，。这款手机颜值非常高，苹果手机感觉真的不是安卓手机能比的，系统流畅度太棒了，其他各方面也一样的强，运行非常流畅没有卡顿。显示屏看着很舒服，非常漂亮。手感超好很喜欢。除了运行更流畅之外，它的机身手感也很好超薄。拍照的很像非常的清晰、很好看，屏幕分辨率显示很高，眼睛看着很舒服，音质很好，已经使用好几天了，体验感非常好，没有丝毫的卡顿迹象，运行 APP 都非常流畅。速度非常完美，尺寸比较合适，续航能力强，配合原装充电器，一个半小时充满电。到货快，好评。手机外观非常漂亮，屏幕的音效也非常的不错，拍照效果，尤其的完美运行运行速度一般待机时前一般其他各方面都还会非常不错，非常感谢京东上面能够抢道如此好的手机，谢谢京东物流也非常
j***H,star5,平板电脑收到了，包装完好无损，发货速度很快，使用效果不错，拍照清晰，系统运行流畅，画质清晰，性价比高，一次不错的购物体验！
l***c,star5,我是不到伍钎买到的。方法放评价图上了。 外形外观：第一次买pro这次买的Max，非常好看屏幕音效：这些都是没问题的，自营有保证拍照效果：Max拍照提升了好几个档次运行速度：运行畅快不卡顿待机时间：待机正常使用能用一天
云***6,star5,苹果14pm  紫色手机颜色好看，大气，拿在手上手感好，使用起来，速度挺快，大电量不用天天充电挺好。照相效果也挺好，带广角的，有景深感。买的高配，性价比高，希望多用段时间。手机整体性价比较高、拍照效果很棒的，手机会自动根据不同环境会补光、电池续航快速充电、音质不错的、运行速度也很快的，不卡顿、处理器是很好的，用起来很不错。希望以后可以有力度大一点的活动。外观时尚大气、拍照效果好，电池经久耐用、通话清晰、运行速度快。
路***h,star5,这个暗紫色的iPhone 14 Pro Max真是太美了！第一眼看到就被它的外观吸引了。屏幕显示效果非常出色，色彩鲜艳，细节清晰，实在是太惊艳了。而且，这款手机的处理速度非常快，操作起来非常流畅。拍照方面更是没话说，iPhone一直以来就以拍照出众而著称，这次的升级更是让人惊艳不已。无论是白天还是夜晚，照片的细节都能呈现得非常出色。总之，这款暗紫色的iPhone 14 Pro Max真是超级好用，让我完全爱上了它！
j***a,star5,外形外观：给老公买的紫色的，有可能我自己手机晚上拍不出来效果，实际好看的，手感很好?拍照效果：像素杠杠滴运行速度：我老公说运行挺好的反正他喜欢就好，毕竟第一次给老公买这么贵的东西?
t***g,star5,iphone14promax暗夜紫，首先这个颜色特别的好看，很适合女生拿，特别的独特，颜值十分在线，活动的时候购买特别的合适
不***了,star5,iOS一如既往的动画流畅丝滑，银色的质感和颜值真的高，百亿补贴下来加消费券真的好划算，max的话使用强度拉满的话电量还能剩好多，对max的续航真的特别满意
V***W,star5,使用流畅，发热低，速度快，同时续航很顶。拍照在这个价位还可以，购买的时候很实惠，玩游戏也是不错，流畅不热续航好。非常好用的手机。
爱***书,star5,外形外观：非常的大气，漂亮屏幕音效：分辨率非常的高，音质不错拍照效果：拍照拍视频简直就是无敌的存在运行速度：玩游戏一点卡顿都没有待机时间：电池电量还是比较能用的
e***s,star5,8.真的超级喜欢，非常支持，质量非常好，与卖家描达的完全一致，非常满总，完全超出期直，发货速度非常快，包装非常仔细、严实，物流公司服务态度很好，运送速度很快，很满句一次购物呢。
漫***_,star5,心仪已久的手机！很喜欢！屏幕大！拍照清晰，运行速度也很快！待机时间够长！以前都是买带颜色！现在只喜欢黑色！太喜欢了！用了几天感觉很好！犹豫了好久在哪里买！最后决定相信京东！隔日达！包装简单！其他都好！
无***丶,star5,外形外观：好看 。屏幕大，很好用。屏幕音效：不错，手感反馈也很好。拍照效果：好，清晰。运行速度：快。
小***雅,star5,苹果手机还是精致和快速，体现在各个方面，在京东买过几次苹果了，毫无瑕疵，无可挑剔，手机大小手感还是很合适的，大品牌手机还是在京东购买比较放心
F***g,star3,为啥我六月会买到去年生产的机子？
烟***寞,star5,是正品，信赖商家，宝贝质感很好，价格也适中，无限回购！比平时要便宜，囤了不少，特别特别满意?，超级好看?，客服很有礼貌，很客气，良心商家，支持！宝贝收到，物流很快，描述相符，比较满意，好评，推荐
4***A,star5,买苹果手机还是京东自营靠谱点，不用担心后封之类的。不过618过了价格回升了不少，有点可惜，但是需要买的时候也等不了，就直接买了。京东物流也是一如既往地快，好评
程***b,star5,外形外观：平整顺滑，识别度高屏幕音效：全方位立体无死角拍照效果：4800万加持黑夜如白天运行速度：6g运行吊打安卓待机时间：充一次电包一天
D***斌,star5,外形外观：苹果外形设计不错，就是手机尺寸大屏幕音效：屏幕无敌，通透亮度高拍照效果：随手拍点赞，不需要像安卓等待1-2S成像运行速度：嗖嗖滴待机时间：提升很大，一天随便玩其他特色：苹果特色
t***u,star5,手机功能强大，续航能力不错，但是电池还是有发热的问题，电池一个月后健康就是99%手机大小和重量OK，手感不错
大***妮,star5,我的手机X-RAY真的挺不住了所以就换了这款，怎么说呢这个白色真的是爱了特别喜欢很干净，比紫色什么的颜色好看，另外就是音质特别好，看电影也有电影院的立体声真的可以，还有速度也是挺快的，拍照也是很不错清晰！唯一的遗憾跟缺点也许就是重吧，有点沉，其他都是真心好！
购***6,star5,颜色漂亮，派送也很快，快递员准时联系，非常满意，唯一就是京东快递的包装真的很简陋，这么贵重的物品也不给好好包装一下，提了很多建议了，可是还是如此，哎，可以多装一些缓冲的东西，用比较硬的纸箱，希望可以采纳
家***吖,star5,怎么说呢 618有活动直接购买了 东西的质量不用多解释什么 用了这么长时间来了 确实是可以 不用说其他的废话 确实可以
指***0,star5,这手机没啥评价的，官方标配，没发现啥毛病。物流神速，价格当时算便宜的。刚开始买的14，没拆封，退了，又买了这个。
你***丶,star5,这个颜色真的很奈斯，尺寸整整比之前的 max 大好多，流畅程度不必多说，最大的优势就是电池容量，目前新机子电池很持久综合下来能用一整天。
j***c,star5,第一台全款拿下的新手机，之前都是用的安卓机，刚换不太适应，挺新奇的，手机各方面都挺好啊啊啊啊啊反正就是超级喜欢?
清***水,star5,外形外观：外形外观：比较显年轻，很符合年轻人眼光拍照效果：对拍照这块不太懂，但是微距拍照很不错，视频拍摄也很专业运行速度：运行很流畅，待机时间：待机时间正常使用，不玩游戏情况下，一天是可以正常使用下来的
O***t,star5,"这个颜色时尚漂亮,设计的特好看,尺寸大小也刚刚好,手感很舒适,屏幕很高清,音效也清晰,高音不刺耳,低音也很清晰,拍照更是没得说,清晰度非常高,运行速度很快,玩游戏很顺 滑,充电很快,充上电用1天没问题。高端大气上档次一共买两台真不错,真不错"
G***龙,star5,外形外观：经典外观，不错不错。屏幕音效：很好，外放效果挺好。拍照效果：贴近真实色彩。运行速度：相当流畅。待机时间：一天没有问题。其他特色：贵。好用。
j***l,star5,6月3日之前付款，可以白条三期免息分期；过了这个时间，不免息了。只是想看看，618最优惠的时间段，这下整明白了。运行速度：快，非常好。外形外观：一如既往的好，颜色也漂亮。屏幕音效：显示清晰，认脸快，声音老响了。
****7,star5,外形外观：iPhone14pro银色果然是好看，已经种草很久了。屏幕音效：音效非常棒，很舒服拍照效果：拍照非常好，15倍变焦，很清晰。运行速度：非常快，有高刷，用起来很丝滑。待机时间：待机时间长其他特色：反正就很好。
j***P,star5,宝贝收到了那么久才来评论，外观颜值很漂亮，灯光下更好看，手感特别棒，顺畅的太舒服了，拍照太清晰了，玩游戏也很给力，续航也没话说，用一整天没问题，很喜欢。
j***k,star5,屏幕音效：很好声音很大外形外观：大气上档次拍照效果：近拍远拍效果都不错运行速度：很流畅待机时间：不玩游戏还行
疯***7,star5,外形外观：外形边框是银色的，感觉不错，背面是白色的屏幕音效：屏幕很细腻，给off视觉体验很好拍照效果：拍照还是很棒的，清晰度很高运行速度：运行速度很快，待机时间：待机时间长了很多，基本一天一充
L***叔,star3,拍视频很好，电池没有那么耐用
小***蚁,star5,难得搞活动，看到有优惠，毫不犹豫就下单了。第二天就收到货，大爱，苹果的质量就不用说了，系统也很流畅，其它功能更不用多说了，总之就非常好用。
v***g,star5,外形外观：外观完好无损，没有看到瑕疵的情况屏幕音效：屏幕清晰正常，音效正常拍照效果：拍照情况很清晰，跟14比起来好像更好一点运行速度：运行速度很快，没有卡的迹象
小***o,star5,紫色十分好看，不同角度折射出来的光各不相同，外放音质也很高。暗紫色非常好看，反光效果好，磨砂后盖，手感一流。屏幕亮度高，显示清晰，音效省心洪亮无杂音。拍照无延迟，拍出来的照片相当好看，苹果拍照跟美图的和谐度很好，拍出来的效果绝了。不打游戏，待机时间还是很长的，一天都没问题。
M***P,star5,银色很优雅，送女生合适，max满足大屏幕需求，大小合适，容量1TB目前的软件配置够用了，后续希望能更大的出来，原配搭载了ios16.5.1，拍照很清晰。就是拍照后摄像头会发热，希望后续升级能改善，总体满意！
千***主,star5,外形外观：外观超级好看，很满意的一款手机，还是14给力哈哈屏幕音效：音质非常好，有立体环绕音效果，很满意哦拍照效果：拍照很清晰，很不错的质感运行速度：运行速度超快的，不卡顿很好哦待机时间：待机时间很长，两天充电一次都可以
神***g,star5,外形外观：黑色外观，比我旧的12pro好看多了，隐藏式听筒很给力屏幕音效：屏幕色彩和还原度没的说，音效立体声有质的飞跃拍照效果：拍照直播效果简直一流，太棒了运行速度：速度肯定快啦，不知道卡是什么待机时间：待机时间明显比pro长好多，电池容量在这里了其他特色：给力
D***X,star5,价格实惠，经济实用，质量可靠，显示完美，操作灵敏，拍照清晰，续航持久，大小合适，电池耐用，充电快速，上手简单，运行迅速，音效完美
我***买,star5,外形外观：尚可，没有8p的红色，有红选红，没红选黑屏幕音效：屏幕很好，高刷特别丝滑，音效比8p好拍照效果：尚可，不如单反运行速度：快！待机时间：强！其他特色：没有了。
f***w,star5,外形外观：方方正正狠耐看，有种中庸对称的美屏幕音效：大清晰看电影玩游戏很爽拍照效果：一流，视频更是没得说运行速度：快速绝不卡顿待机时间：超常发挥，充一次下班回家还有一半很棒
j****,star5,外形外观：外形好看；大屏幕用着好屏幕音效：屏幕干净整洁，音效效果好拍照效果：拍照效果好，非常清晰运行速度：运行速度快待机时间：待机时间还可以，正常情况可以使用一天没问题京东发货非常快，整体满意
j***3,star5,外观优美，屏幕大但机身轻盈，系统体验流畅。三屏幕很通透，看视频视觉效果很赞， hdr 视频效果也很好。扬声器也出乎我预料，低音足，人声清晰，音质干净无毛糙，和小音箱有的一拼。拍照也很出色，视频很强。续航杠杠的，两天一充。
e***e,star5,很喜欢?哦，使用非常的流畅，速度快，拍照?清晰，像素高！新买的机器怕摔坏了赶紧加个elam手机壳保护一下，这款手机壳内衬加了防摔条，更加的抗震防摔，还配置了MagSafe磁吸无线充电圈?！
炉***吧,star5,外形外观：紫色太漂亮了，很高档的感觉，拿在手上沉甸甸的，特别有重量，屏幕够大，终于适合看电视剧了，运行非常流畅， 一点也不卡顿，拍照特别清晰，电池嘎嘎抗用，不用怎么充电
u***d,star5,一整个爱住了，太好看了这个颜色，拿在手上不想放下!而且拍照很细腻真实，录像的效果也很好，还流畅，广告也少。平时对手机圈不了解，就直接选择了苹果，而且我不玩大型游戏，平时就喜欢拍照录视频。很好，很喜欢
x***R,star5,1）外观手感：iPhone的外观我一直觉得很好看，不过后置的三颗摄像头凸起严重，紫色也是我最喜欢的配色，很耐看，暗光下有点偏蓝。握持感也很舒服，只不过pro系列的重量还是蛮沉的。有些人觉得凸起严重不舒服，我觉得还好，不过不锈钢边框沾指纹。2）性能：A15的芯片，吊打原来的安卓机十八条街。日常操作都很流畅，最爽的是再无广告！3）屏幕：色彩、清晰、细腻度都没有问题，观感非常好。亮度比上代有提升，户外对比也很明显。配合120Hz的高刷，操作很丝滑。
萌***二,star5,外形外观：简约大气，金属质感，握持手感舒适屏幕音效：双扬声器搭配高刷屏幕，看剧游戏两不误拍照效果：对于苹果的专业调校，手持拍摄效果非常不错运行速度：十几个app不在话下待机时间：一天一充或者两充
j***c,star5,他家的产品从视频看上去也很不错，视频的内容讲解的也很详细，让我对夹吸有了一种新的认知，到货之后拿到手上感觉整体还是很有质感的，直接就用了一-次，值得一说的是用后感很真实很舒服，最后如果有什么不了解的也可多咨询一下客服。
l***0,star5,外形美观大方，棱角分明，比起之前圆润的边框，更喜欢现在的边框，拍照效果很给力，系统处理能力强，运行流畅，要说远行速度，这个安卓没法比，但是待机时间要差点意思。总体很满意！
j***p,star5,1.宝贝收到了，是正品。用起来很不错。苹果14手机颜色好看，大气，全在手上手感好，使用起来，速度挺快，大电里不用天天充电挺好。照相效晃也挺好，节广角的，有暴深感。性价比高，希望能多用段时间。2.苹果14手机整体性价比较高、拍照效果很棒，手机会自动根据不同环墇补光，电池续航能力强，快速充电，一般性充满电可期二天左右，通信音质不错，处理器好，赞！
购***6,star5,这个颜色也不错，看着也挺漂亮，渐变色，耐看，内存也给力，续航也很好，拍照也清晰，反应也超快，整体用着很不错，唯一的小缺憾就是京东的快递包装，希望京东可以改进！贵重物品好好包装一下！
L***妮,star5,很不错啊，外形的话买的是颜色的比较经典，屏幕也很好，音效非常棒，比之前用的12 Pro Max好多了，拍照效果的话还吃那个药运行速度非常快，这个灵动岛功能还挺不错的，不过整体来说更新不是很大，京东售后很不错价格也很美丽
y***O,star3,手机只能说还行，好的是没有翻车
秋***尌,star5,iPhone手机的各方面基本都很熟悉了，外形外观：好看屏幕音效：很好拍照效果：上乘运行速度：很快待机时间：电量耐用其他特色：做工精良，令人爱不释手。
j***A,star5,这个颜色也很漂亮，看着整体很干净，非常漂亮，大气，拿着很厚重，4800万像素拍出来感觉就是不一样，灵动岛也很不错，新款的功能，白色颜色看着越看越不错，推荐大家购买
陈***咪,star5,外形外观：外观很大气，颜色大气上档次运行速度：运行速度很快，流畅待机时间：充好电，可以用一整天，如果不怎么玩可以待机两三天
i***n,star5,"手感一流,  高刷屏真的比之前用的 60HZ的屏幕顺畅多了,色彩饱和度和鲜艳度刚刚好,  屏幕亮度即使在强烈的太阳光底下也能看得清屏幕, 外放声音棒棒的。待机时间真的很长, 日常使用一天充一次都用不完, 系统流畅, 信号稳定, 手感很好, 金属的边框坚硬结实,  •相机提升很大,手感比以上版本系列要高 , 运行速度很快。"
j***b,star5,这个颜色和之前的黑色还不一样，看起来很好看，非常耐看，拍照提升，续航提升，处理器提升，提升还是很不错的，唯一就是充电速度可以再提升就更完美了，灵动岛的功能怎么说呢，适配应用太少了
j***f,star5,原先的iphonex无论电池还是内存完全不够用了，现在正好趁618搞活动果断入手了512的，使用了几天感觉电池续航非常不错，不玩游戏基本一天一冲一点问题没有，拍照方面提升很多，尤其是夜景模式，120hz刷新用起来非常丝滑，毕竟从5s就开始用到14，一直用ios，别的也没什么好说的，用段时间看看再说吧。
j***4,star5,已经是购买的第三个了手机了外形外观：非常漂亮屏幕音效：清晰拍照效果：非常清晰运行速度：非常快待机时间：我不玩游戏，正常使用两到三天
大***妹,star5,外形外观：很漂亮大气，黑色很好看，买给老公的生日礼物屏幕音效：都还可以拍照效果：666运行速度：很快，新手机都不发热待机时间：待机一天没的问题，电池容量大，老公很喜欢
x***y,star5,14的超大杯杯杯，好贵啊，一下子卖了两个肾选了银色，简单一点。好重啊，买个壳好好保护她拍照也太清晰了吧，拍视频也很好啊玩游戏也太爽了，有高刷，眼睛再也不难受了
j***f,star5,外形外观：苹果的颜值还是很抗打的屏幕音效：屏幕很亮，质感也很好拍照效果：拍照超级好看，不一样的体验运行速度：超级流畅，ios的流畅度就是不一样待机时间：pm的待机很?其他特色：推荐
L***X,star5,外形外观：外观好看，简单大方屏幕音效：一如既往，不累眼睛拍照效果：自然，效果清楚，录像不卡运行速度：非常快，非常好，特别好
飞***魔,star5,手机还是不错的，这个颜色时尚漂亮，设计的特好看，尺寸大小刚刚好，手感很舒适，屏幕很高清，音效也清晰，高音不刺耳，低音也很清晰。
j***j,star5,拿到第一批手机 目前暂时还没空写太详细的测评，每个人对手机功能在意的点都不太一样，这篇根据我个人喜好来简单说说对这款新手机的感受~首先，暗紫色完全没有让我失望，发现网上很多用户提到说看完媒体测评后取消了暗紫色的订单，但我拿到实物我觉得其实是很好看的，磨砂质感，不同的场景光线下有不同的色彩饱和度的呈现效果，再说每次换代的新色本身就是一种新“体验”嘛；重点说下摄影功能，我上一只13pm在夜间拍摄会有1至2秒的对焦时间，这个在使用感受上其实是会错过很多需要快速“捕捉”的瞬问的，这次的14pm镜头在这一点上有了很理想的改变，在夜间拍摄时能在黑暗光线中做到快速秒拍，不再需要延迟。并且，大家可以在很多测评中看到博主的高清对比，发现光线和色彩的处理非常不错了，清晰度更是非常经得起放大罪这是和我一样拍照使用率高的用户的“小福音”。
分***_,star5,安卓转苹果  感觉挺流畅滴！max续航很ok  我不玩游戏  一天下来够够的拍照也?  入手的价格很香！属于是激情下单！最后 没有翻车 很开心  屏幕是三星  前摄像头富士康  后摄像头LG 电池深圳欣旺达  用了1个月 我觉得? 屏幕是大了一点  但看着很舒适手小的 不喜欢大屏的还是入pro叭～
x***3,star5,屏幕很好 很高清，拍照效果：非常棒，像素很好运行速度：很快、不卡顿外形外观：很漂亮，很简洁，拿在手里手感非常好
u***w,star5,外形外观：金属边框，边缘也很顺滑屏幕音效：听音乐效果还行运行速度：反应速度还是很快的，另外也很丝滑拍照效果：清晰可见，色准很棒
花***Z,star5,苹果手机，颜值还是很高的，趁着活动，再入手新款外形外观：外形设计风格和之前的差不多，不过颜色很好看，这个颜色很爱屏幕音效：屏幕分辨率好，也很丝滑，用起来相当不错拍照效果：拍照效果不用说了，刚刚滴，清晰度很高运行速度：运行速度很快，游戏玩起来不要太爽
j***8,star5,苹果14promax到手，全新国行正品，未激活，我也上岛了，续航很好，活动买到很优惠，没有瑕疵，屏幕显示效果非常棒，系统非常流畅，拍照很清晰，发货速度很快，满意的一次购物
j***d,star5,哇…苹果的颜值自然不用说，喜欢喜欢！用着特别流畅，续航好，基本上一天一充就搞定，买的黑色特别耐看，256G够用啦！赞?
购***6,star5,金色，渐变色，感觉颜色也不错，整体很漂亮，512大内存，能用好几年，不再为内存不够而发愁了，拍照很清晰，续航也很好，整体很满意，快递派送也很快，及时联系，很满意，唯一的不足就是快递包装
h***4,star5,买买买，根本停不下来品质一级棒，包装也不错，物流很快，而且价格合理，很实惠，很喜欢好！非常好！质量好，和实体店一样，颜色正，是我喜欢的真心喜欢，颜色、款式都非常棒！
j***G,star5,外形外观：深灰色赢麻了，疯狂种草深灰色，太高级太有质感了，成熟稳重，太偏爱这个颜色了。而且大屏幕打游戏真的爽，续航时常也有所改善，推荐购买。
怪***9,star5,首先，iPhone 14 Pro Max 的外观令人惊艳。它采用了全面屏设计，并且屏幕边框更窄，使得整个手机看起来更为精致。同时，它还使用了新一代的材质，使手机更加坚固耐用。这一点在手持手机时能够明显感受到，给人一种高质感的触感。其次，iPhone 14 Pro Max 的屏幕也非常出色。它配备了一块超大的 OLED 屏幕，色彩鲜艳，对比度高。这意味着用户可以在观看视频、浏览照片时享受更加逼真的视觉效果。同时，屏幕刷新率也有所提升，使得滑动操作更加流畅自然。在性能方面，iPhone 14 Pro Max 搭载了最新的 A系列芯片，提供了强大的处理能力和出色的图形性能。这意味着用户可以流畅地运行各种应用程序，并享受高质量的游戏体验。在摄影方面，iPhone 14 Pro Max 也有着出色的表现。它配备了先进的摄像头系统，可以拍摄出高质量的照片和视频。而且，它还支持多种拍摄模式和功能，如夜景模式、人像模式等，让用户能够轻松拍摄出专业水准的作品。总的来说，iPhone 14 Pro Max 是一款功能强大、外观精致的手机。它的出色性能、高质量的摄影能力和长久的电池续航时间，使得它成为了一款非常出色的旗舰手机。无论是日常使用还是专业拍摄，iPhone 14 Pro Max 都能够满足用户的需求。
x***5,star5,外形外观：暗紫高冷大气，质感好拍照效果：清晰度高屏幕音效：音质效果杠杠的运行速度：流畅待机时间：续航久
发***伊,star5,手机的设计非常精致，每一个细节都体现出品牌的高端感。我感觉非常流畅，不会出现卡顿或者崩溃的情况。屏幕也是非常的出色，色彩鲜艳、清晰度高，让人看了非常舒适。系统非常稳定，升级也非常方便，不会出现兼容性问题。
大***9,star5,手机是全新未激活的平板，质量很好，非常喜欢的一款手机，携带也十分方便，使用起来很流畅，没有卡顿，非常喜欢，拍照很清晰，有需要再来
我***y,star5,外形外观：外观非常惊艳，银色很高端大气上档次屏幕音效：屏幕清晰度非常高，原彩依旧是那么出色，声音外放效果很好，听筒也不错拍照效果：拍照质量好，视频更好运行速度：丝滑流畅待机时间：续航很牛，一天一充
j***k,star5,京东自营的物品质量有保障，这款京东自营的苹果手机是正品，外形外观：美观大方屏幕音效：音质很好拍照效果：非常好运行速度：快待机时间：长
j***f,star5,第一次买promax非常好看，颜色很好看很高级用起来很顺手！拍照十分清晰一点也不卡！充电也还可以，待机也还行，能用个几年吧，之前买的11现在用的还是很流畅的！
胜***1,star5,首先是外观上来说，银色这款很好看，忽略这个手机壳太难套了，所以简单拍了一下，手机很流畅，特别喜欢灵动岛，灵动岛功能感觉很有新意，这次活动真的很划算，希望这个手机能多用几年
j***f,star5,超级快的速度，用的很舒服外形外观：高端上档次屏幕音效：触感舒适拍照效果：非常清晰运行速度：超级快，哈哈哈哈待机时间：待机超级长其他特色：不赖不赖
悠***5,star5,很好，很不错，用起来方便快捷， 速度很快，而 且上手的手感很不错的哦，然后主要是这个颜色， 颜色是 新的，很好看，很不错的呢，手感很好，很不错呢。
1***h,star5,外形外观：新出的紫色很漂亮运行速度：很顺畅，没有遇到别人吐槽的14的现象拍照效果：相机拍的很真实jd物流够快，隔天就到价格划算！！！
j***u,star5,用了一段时间了，个方面没问题，京东百亿补贴买的价格很合适。物流也很快就是果半斤名不虚传，之前用单数字系列的朋友要适应一下哈哈哈，颜值相机拍照，性能游戏都拉满，冲吧
l***p,star5,特意选的暗紫色，用了一个多月感觉蛮好的，轻薄躺着刷剧一点都不累，续航也不错充满电能用七八个小时，拍夜景比上代强了，用起来也很顺畅丝滑，一点都不卡顿而且触感也非常好。
S***L,star5,手机很快质感很好 妥妥的年度机皇外形外观：方方正正的很大气屏幕音效：音质饱满很浑厚拍照效果：年度最佳没跑运行速度：一个字快 两个字很快待机时间：一天完全没压力
坠***叶,star5,高颜值，手机真的太有质感了，外观设计漂亮大方，手机屏幕大，刷视频和看电影，包括办公起来，屏幕大看起来操作方便，还有拍照真的很清晰，系统也很流畅，没有卡顿，运行流畅，电池耐用
j***h,star5,给媳妇买的用了几天才来评价，她的8P用了六七年了其间换过屏和电池，摔过多次前段时间后摄像头也没反映了，虽然成这样了但用着依然顺畅，对苹果质量很放心，又遇到618活动就给换了，京东这里我还是放心点，激活后查保修期也很好，发票配件齐全，苹果除了信号比较国产在有的地方差一点外是真耐用，手机无任何问题非常好，我自己用的12mini等双十一活动力度大的话也准备在这里换了
购***6,star5,金色这个颜色也不错，挺好看的，大内存用着就是给力，不怕内存不够用了，非常好，比较给力，拍照也升级了，处理器很强大，还有灵动岛都还不错，快递派送也很及时，整体还不错！
u***d,star5,手机不错，非常nice显示非常鲜艳，运行流畅，多开没什么问题，激活成功之后就可以畅快玩耍了，快和朋友们一起来王者荣耀吧游戏过程中也是没有什么卡顿的通话，质量不错，非常的nice
j***W,star5,没怎么看具体细节就下单买这款手机了，收到货以后第一个想法是手机有点厚，但是用了几天以后感觉还是挺好的。外形外观：外观高端大气上档次屏幕音效：屏幕分辨率好，音效棒棒的拍照效果：拍照效果也挺好的运行速度：运行速度快
****1,star5,从小11换到14promax 啦，一次质的飞跃，屏幕很大打游戏用着很爽，电池续航也超级强，打三四个小时电量也没有用到很多电，电量焦虑症的可以直接冲max，相信可以战5年了，灵动岛的功能非常实用，而且很好看，这次618活动力度大，而且完美下车，永远相信官旗！
j***b,star5,颜色漂亮，银色显得整体很干净，很亮堂，手感超好，很有重量感，拿着属实有点大，拍照续航都很不错，充电可以再提升一下，充电不是很快，但是电池大了不少应该，告别一天两充，拍照也很好哦
奇***黎,star5,外形外观：太帅了真的爱不释手很爱屏幕音效：手感一流摸起来很舒服不愧是苹果拍照效果：苹果原相机还是不错的运行速度：很流畅丝滑
j***9,star5,外形外观：14pm确实很帅拍照效果：拍照杠杠的，聚焦特别好，永远的神，超级清晰屏幕音效：音质无敌运行速度：120帧超级流畅待机时间：待机还不错，一天充一次吧差不多
夜***莺,star5,本来想等到15出了再买，可惜手机提前被雨淋坏了，第一次用苹果手机的时候是iphone6眨眼间就到了14，手机体验提升无与伦比，续航能力刷新了我之前用6的认知，目前体验满电情况下，我个人使用情况，一天可以不用充电，很好，玩游戏的时候充电，手机发烫，相机挺好的（自我感觉清晰）。
兜***沉,star5,我最近购买了格力1.5匹大1匹空调，型号是KFR-35GW/NhGc1B。这个空调是云佳新一级能效变频冷暖型，非常适合卧室使用。首先，我对它的冷暖效果非常满意。不管是冷气还是暖气，都能迅速调节室温，让卧室保持舒适。特别是在寒冷的冬天，空调能加热到56℃，让房间很快温暖起来。其次，这款空调有自洁功能，能自动清洁空调内部的灰尘、细菌等。这对于保持空气清新和家庭成员的健康非常重要。除此之外，这款空调还具备节能特点。它是变频设计，能根据房间的实际需要调节运转频率，避免能源浪费，节省电费。最后，这款空调还是壁挂式设计，不占用地面空间。我把它挂在卧室的墙上，非常方便。总的来说，格力1.5匹大1匹空调是一款性能出色、节能环保的选择。无论是冷暖效果还是健康舒适度，都达到了我的预期。强烈推荐给需要购买空调的朋友们。
呦***宇,star5,送朋友的。人说挺棒好尤其是晚上拍照。挺清晰。说除了有些大不适应其他很满意。因为他之前用的苹果都是普通版本。打游戏看视频屏幕大很过瘾。总之朋友很满意 其他特色: 兰岛挺好玩。也是冲这兰岛买的 显示效果: 屏幕显示很清晰 通信音质: 音质不错。
橘***S,star5,终于上岛了嘿嘿?紫色超级好看，系统很流畅有高刷爽歪歪，边框做工都没问题完美，拍照4800万像素很清晰细节，手机有点重拿在手里有份量，爱了爱了。
轨***7,star5,外形外观：很好的购买平台，质量不错，特别是有品牌的，值得信赖屏幕音效：性价比很高，很实惠，使用起来感觉很好，非常完美.^?^.拍照效果：外观干净漂亮，做工很不错，没发现什么瑕疵，个人感觉大小也挺合适，找了很久选的这款，大爱！
-***儿,star5,第一次用苹果手机，刚开始用不习惯，但是用上手真的爽，拍照什么的真是杠杠的，确实比安卓好很多，而且有一些功能确实还比安卓好用，信号也比之前的苹果序列号很多，而且支持NFC，这个功能该没用
J***道,star5,手机到了立马使用起来了，使用了一周前来评价很喜欢，手感也很好，紫色尊的很漂亮，运行速度快，拍照能力强，美滋滋
j***u,star5,外形外观：很漂亮很炫酷！拿下的价格也不高！屏幕音效：音效非常不错拍照效果：三摄就是不一样比我的老11拍照好看多了运行速度：无与伦比！
小***健,star5,Apple iphone 14pro max苹果14peomax 收到之后真的是意料之外的漂亮，真的好看，用起来也是丝般顺华，还有京东送货时真的快。。
团***弟,star5,外观一如既往的主流，工艺无可挑剔，系统丝滑，手感超强，新机目前续航给力，正常使用一天一冲，现在充电功率提升，基本没有续航焦虑了，618优惠力度大，性价比超高
天***天,star5,外形外观：外观大气时尚，很有质感。拍照效果：成片效果很好，原相机有些功能吊打其他那些各种软件运行速度：运行非常流畅，一点不卡顿。待机时间：目前一天一充吧，毕竟容量摆在那里。
j***7,star5,外形外观：看着就高大上拿在手里质感满满的运行速度：进系统软件超快拍照效果：还原度超高，不假，可以媲美专业相机屏幕音效：满足视野需求色彩感拉满
j***m,star5,手机电量超大，用一天很轻松，充电效果也很快， 这个颜色也靓丽，没色差，是我喜欢的颜色， 拍照相当清楚，运行速度也很快，总体来说，是一次满意的购物，店家服务周到、客服解答的很细心，手机全新，包装完好，正品无误
大***p,star5,上岛了！完美。京东值得信懒，外形外观：美观时尚！设计大方！屏幕音效：显示流畅！运行速度：流畅流畅！拍照效果：拍照细腻！！
从***贵,star5,手机非常好，机身手感非常得好，功能非常先进很强大发货的速度非常的快，运输速度非常的快包装的也很好，很精致非常美观，已经多次购买京东值得信赖，苹果值得信赖，已经多次在京东购物都非常的美这个再次购买
失***子,star5,京东还是靠谱的~放心下车，没有任何问题，23年生产全新未激活，金色也很好看。续航能力还不错，中度使用两天充。高刷对比6Ohz确实流畅很多。
七***6,star5,在现代智能手机市场中，大屏幕手机已经成为了主流，这也使得用户寻找一款小巧轻便的智能手机变得十分困难。然而，iPhone 14 采用了一块6.1英寸的全面屏，却仍然能够保持整体机身尺寸小巧。具体来说，这款手机的长度仅有146.7毫米，宽度为71.5毫米，厚度仅有7.8毫米，而重量则约为172克，拿在手里非常小巧轻便
L***云,star5,运行畅快拍照清晰续航很好性能铁三角，屏幕分辨率高，充满电二十分钟不到，后摄像头完全满足日常使用，红外， NFC ，无线充电，线性马达，大容量电池，双扬声器，大面积散热，各方面很均衡主打就是实用。
L***_,star5,Apple iPhone 14 Pro Max (A2896) 128GB暗紫色手机，对此产品非常满意。首先，这款手机的颜色非常独特，暗紫色时尚而高级，让人一眼就爱上。同时，128GB的存储空间足够*常使用了，让我不再担心存储不足的问题。在性能方面，iPhone 14 Pro Max 表现出色，支持移动、联通和电信5G，让网络速度更快、更稳定，体验非常好。双卡双待让我在工作和生活问切换自如，非常方便。此外，拍照功能也很出色，无论白天还是夜晚，都能拍出高质量的照片。总的来说，iPhone 14 pro Max 是一款非常值得购买的手机。时尚的外观、强大的性能、快速的 5G网络以及优秀的拍照功能，都让我对这款手机充满信心。无论您是工作还是休闲需求，它都能为您提供卓越的体验。
u***w,star5,外形外观：大气时尚芭莎，暗紫色很好看。屏幕音效：屏幕大，高刷很好看。拍照效果：像素好，拍照清晰。运行速度：反应速度快，流畅的。
是***嘛,star5,特别好！等待是值得的！到手简直就是艺术品。哈哈哈哈，看着金灿灿好喜欢，当下能让我花钱买到快乐！感觉我还活着！！另外就是相比去实体店京东的价格更实在些，服务质量、打包包装也特别好！简直就是完美、专业又到位！刻意选的金色这款，绝对可以给我带来好运气！金色灿烂阳光未来！一切都是美好的！用一个14pro max来奖励自己！虽然今年没有大成就！但是下一年一定会好好努力来！！！！要值得信任！不忘辜负！！！
一***e,star5,很好，快递员送货上门，配送的速度也很快，手机查询也是全新的，没有问题，外观很好，拍照效果也不错，待机时间很长，唯一不足的就是充电头送来的时间太慢啦
布***8,star5,趁着618活动下手的，要不然平时根本高攀不起。屏幕大音效清晰，拍照效果杠杠滴，人也变得更好看了，运行速度賊快賊快的，买的满意，用起来也舒心。
j***o,star5,苹果14promax 128g。手机使用一段时间很满意，手机有高刷和灵动岛，使用效果很好，苹果手机使用时间长。这是我比较喜欢的一点。目前充电速度约1个小时左右，也勉勉强强过关吧，跟安卓充电还是比不了。其他方面完胜。运行速度：完胜
j***5,star5,无论从外形还是性能上，非常的流畅和强大，非常喜欢，包括京东的售后是非常给力的，从细节做到位了，速度非常快，以后就只在京东买东西了，售后有保障，给力
j***r,star5,孩子高考完送孩子的礼物 孩子很喜欢 我对比了一下14pro Max的性能还是比其他手机强的 家里用的都是14pro Max 不过都是黑色和银色的 这次试试金色的 很好看
成***e,star5,特地用了一段时间才来评价的，很不错，1TB无需担忧存储空间，iPhone 14 Pro Max磨砂的外壳手感挺好的，金属的边框坚硬结实，屏幕很清晰，色彩鲜艳，拍照清楚，品示艳丽，运行速度很快，尤其打开程序时反应很快，续航能力比较之前提升了不少，手机的各个方面都非常不错
L***H,star5,手机非常的好，用起来非常的流畅，高端大气上档次低调奢华有内涵，拍照效果也是专业级的，对我的摄影技术提升非常的显著，对方非常的满意，好评。
j***e,star5,外形外观：黑色的外观非常好看，高端大气上档次屏幕音效：苹果的屏幕没的说，看着很舒适运行速度：运行速度特别快，流畅无卡顿
少***衫,star5,真好看，真漂亮啊，爱了，黑武士绝了，超级好看，一定要推荐大家买这个颜色，难道不好看吗？绝绝子这个颜色百看不厌，而且绝对是最耐看的了，买了就不会后悔送孩子的毕业继续
j***r,star5,用了一段时间才发现这款手机真是棒呆了！首先，外观真的很吸睛，其次，性能方面也没有让我失望，运行速度流畅，特别是玩游戏时，画面显示清晰、操作顺畅，简直带我飞。最后，摄像头拍照效果更是没话说，自拍搭配智能美颜，简直是我变身网红的神器！总之，苹果手机14简直就是我的小确幸，强烈推荐给大家！?
j***q,star5,"外形外观：外观可以看起来非常好看，也是我喜欢的尺寸非常的大气屏幕音效：屏幕音效就没得说啦，屏幕简直太赞了，这个刷新率真的很难不爱上，而且音效也太好了，外放简直就是一个顶级的音箱拍照效果：拍照效果太赞了48,000,000像素，真不是盖的技术很差也能拍出很好看的照片"
j***1,star5,Apple iPhone 14 Pro Max的性能真的非常强劲，处理器快速、内存充足，可以满足日常使用和多任务需求。手机的暗紫色外观设计也非常漂亮，给人一种高质感的感觉。
莫***5,star5,LG屏幕，感觉用着还可以，流畅度没得说，非常流畅，续航一天轻松，总得来说14promax还是值得入手的
赛***2,star5,用了好多年的苹果手机，这次是帮朋友买的运行速度：很快外形外观：自己喜欢的模样屏幕音效：可以拍照效果：很细腻小清新很清晰，满意的效果
j***f,star5,苹果手机没什么说的，果断入手，外观设计时尚大气，机身看起来非常美观。屏幕显示效果非常出色，色彩鲜艳，观影体验很棒。拍照效果更是一流，夜景模式清晰度非常高，拍出来的照片质量让人惊艳。性能方面更不用说，运行速度快
冲***中,star5,手机不错，质感也不错，续航能力杠杠滴，拍照效果也很真实吧，可以随便用手机拍拍拍照片了！运行速度特别快！非常适合平时打游戏的友友！看电影特别流畅。显得特别的真实。而且音质特别棒，吃鸡你都可以不看屏
h***T,star5,苹果手机很好用，外形好看，指纹识别非常的快，拍照效果好，运行速度快，活动买的时候很合适性价比超级的高，待机时间很长，可以用两天不用充电。
b***r,star5,活动促销时买的  价格很实惠  用起来比意料之中要顺滑许多拍照效果：不错运行速度：很快外形外观：颜值很高
j***K,star5,好用 流畅度很好，屏幕显示很细腻，测量范围很宽，电池续航着实给力，每天在线8小时以上，只多不少，在家充好电出门可以妥妥用放心不焦虑
墙***笑,star5,拿到手机好久了，才来评价的，东西很好 苹果手机的系统非常流畅，运行速度很快玩游戏非常流畅，很好，玩游戏很流畅加载网页那简直快到飞起！
H***0,star5,趁着大促活动下手的14pm，价格是挺实惠的，比官网便宜的多，不过京东自营店也是值得信赖的，手机外观高级，做工精致，系统流畅，屏幕很大，整体都很不错
南***6,star5,平台发货速度很快，快递小哥送货的速度也不慢，手机手感超级棒，套壳可惜了，不套壳又舍不得，手机运行速度很快，很流畅，很喜欢
是***呀,star5,续航很好拍照清晰运行畅快续航能力:很好拍照效果:清晰运行速度:畅快外包装很完美安全开箱看了盒子无磕碰，感觉用起来还不错哟，现在感觉5G手机非常快，拍照效果非常好，显示屏非常好的喔，而且圆滑的感觉自带的显示屏，拍照技术网速快传输速度快
j***t,star3,手感好，上网快，比较喜欢
K***Y,star5,儿子这次中考取得了优异的成绩，已经被理想中的学校提前录取，提出了这个小小的要求。没问题，分数到位了，奖励立马到位！外观设计一如既往的完美，苹果的摄影效果我们已经完全信服，特别是在低光照的环境，能够完美呈现颜色和清晰度。省电还省空间。一堆软件装下来，还有足够的空间留下，这是跟其他安卓手机相比得出的结论。
小***0,star5,手机电池很耐用，使用频率挺高的也能用两天时间。手机拿在手挺有质感的，有点重量。使用很流畅，拍照效果也很好。
自***兮,star5,查了下，是官方原装机器，外观也没有问题，查了下屏幕电池啥的，也还可以，电池容量大，续航时间久，拍照很清晰，系统运行超级流畅。
阳***0,star5,外形外观：好看好看屏幕音效：不错不错拍照效果：拍照清新脱俗的好咯运行速度：非常非常的流畅，用起来很棒
j***8,star5,当天下单，第二天就到了，手机用了几天了，还不错 拍照很清晰 不容易对上焦 但是对上焦后拍照非常清晰。续航也不错啊 觉得可以用很久了。
琳***7,star5,用了家电消费券，最后选择了这款，外观漂亮，质量不错消费券。货真价实，高颜值，高品质，一分钱一分货，材质外观和质量一看就很上档次，非常喜欢???????????
啊***番,star5,苹果14promax金色款，高端大气上档次，大屏手机加上高刷，玩游戏阅读都很流畅，丝毫不卡顿，电量也很充足
虎***6,star5,iPhone14promax真的是当季无愧的机皇，秒杀一切安卓手机，系统，电池，拍照、游戏，真心好用。无敌的存在啊。能用好几年，平均算下来也不贵。
1***9,star5,用了一段时间了，整体感觉很不错，拿在手里机子很重很有分量，运行也快，颜色也好看。买回来时候怕是返修机，专门查了序列号也问了客服，确认是正品，客服态度也很好
j***4,star5,用了一段时间，拍照清晰续航很好运行畅快很满意的一次体验，，苹果官方品牌无论是产品还是服务都是非常完美，手机有种很丝滑的感觉，，每个细节都可让感受到品质感，虽然比别的平台省很多心，服务还是很有保障的。
j***j,star5,夜间2点下单早上送到，这个速度也是够快了，618补贴买的，挺划算，文件导到新机的时候不熟悉出点问题客服很有耐心指导，选择黑色经典色，1T的内存大大的够用了，用了短时间再来评电池及其他的都挺好，喜欢
s***g,star5,看了很久的手机终于在618搞活动了，果断买了一个，超性价比，三个摄像头，最新CPU，五年不卡顿，京东给力，正品行货，快递员送货上门
j***q,star5,苹果手机一直都非常好用，一直用的都是苹果手机，这是换一个新款，期待一个很好用的效果，送货速度非常快，夜黑色非常经典，拍照效果也很好，整体的购物体验都是非常不错的
j***v,star5,外观漂亮，手感舒适 包装完好，发货速度很快，卖家服务很好，很满意，价格也比官网低，棒棒的，续航能力很强，全新未拆封，仔细检查过了，没有任何瑕疵
j***Y,star5,作为14系列的机皇，给家人买的缤纷金，听着很俗，但是收到机器后质感很耐看。买的128的，家人不玩游戏，也没那么多软件，已经够用了，偶尔陪孩子拍拍照录录***，错错有余。
疲***阳,star5,就一整个很喜欢啊啊啊本来写调货商品要等四天结果第二天晚上就到了我简直是欢喜啊看看这颜色就一个大喜欢容量也很够简直是满足了所有的幻想很很很喜欢?价格也很那划算抢到了消费券哈哈哈
幸***酱,star5,快递收到啦，发货非常的快，包装完整，手机颜值很高，外观大气上档次，手机运行速度快，是正品，超级好用，下次还会再来购买，推荐入手
哆***y,star5,现在才知道京东评论字多些可以翻倍积分值呢这才知知道好评的重要性。这个福利实在太赞了妥妥的每条都来评论下，赚积分，下次还能抵现金用。评论80个字以上，可以得到50个积分从此我无论买什么东西都会把这个段话复制粘贴下凑够字数，然后再填觉的很棒，现在去超市都少了，大部分生活物品零食都在京东买!速度快是最大优点，要继续保持哦!其次质量有保证，平时在网上假货风险比较大的，从京东超市买的放心，吃的安心，得跑超市，京东更便捷，而且包装非常好，还是比较值得信赖的，不用去实体超市买，相比优惠了很多!这次买的都挺满意的京东值得信赖很好满意!开通PLUS会员优惠更多更实惠!
逗***晴,star5,苹果手机里面银色还是比较好看的，手机分量挺重的，单手握住还是比较费劲的~~手机用起来很快，摄像也非常得清晰！
j***w,star5,"手机刚收到, 已激活,安全下车. 移动合作的价格非常有优势, 可以说是全网最低价的, 正在适应新手机中。 希望可以存活久一点。 金色很好看!"
倾***8,star5,苹果手机，真香啊，现在基本上很难换回安卓机了，用习惯了苹果，屏幕音效：音效不错拍照效果：拍照清晰度高运行速度：运行速度快
马***啦,star5,是太好用，这个手机非常喜欢，大家可以试一试吧。大家可以买一个试试，这个手机真的挺好用的，非常的喜欢。
j***r,star5,"商家们的服务是真的真的好。然后快递速度快安全。外包装完好无损。手机盒包装完好无损。服务也非常棒。其他特色: 第一车祸检测功能，主动替你打求救电话,能保驾护航。第二低光拍摄功力大涨，拍片效果超亮眼。第三静静顺稳稳不打晃。第四隐私保护全内置。"
E***e,star5,颜色不错的，淡淡的金色，苹果手机好用点，618活动价512的还是比较优惠的。非常不错的，老婆比较喜欢的手机。
j***w,star5,我是年中促销时买的，价格很优惠，和海口免税店价格一样。手机大，质感好，拿在手里手感舒适。喜欢用苹果手机，拍照效果好，画面色彩真实度比其他手机都好。
喜***牛,star5,非常满意，货品做工精细，质量很好，在授权店验机是正品。使用以后达到标称的速度，店家服务态度很好，安装也非常方便，物流很快，很好的一次购物体验。推荐大家购买。五星级好评！
L***H,star5,东西非常的好，使用起来很流畅，不卡，拍照也不错，可以很好的提高拍照水平，京东小哥非常的给力，送货上门，服务非常好，让人满意，还会继续支持。
寂***2,star5,这个产品和它价位相比来说，还是很合适的趁着优惠，赶紧入手，是正品，包装也非常的好，没有破损，质量也是没得说，棒?东西很满意哦，美观时尚大气，客服超级有耐心，服务细致贴心，大品牌就是不一样
酱***0,star5,之前一直在用黑色的苹果手机，想着这次换个颜色，不过说实话，金色确实好看，很有质感，磨砂的手感摸着也很舒服，整体感觉还是很不错的 就是不知道十五会是什么样
j***W,star5,1、质暴不错，砂的密度高，手感好，挂在脖子上很舒服，没有刺刺的感觉，只是颜色发错了，不过不影响使用。这个颜色也很正。2、总体来说，是一次满意的购物，店家服务周到、客服解答的很细心，手机全新，包装完好，正品无误。磨砂的面壳显得很高档。功能符合老人使用习惯。用后再评。3、手机不错，怕买到假货，特意挑选长虹专卖店买的，是正品，黑色好看，送了很多赠品，客服很热情。满意！4、用了两天多才天来评论，拿到手很满意，但是发现做工不是很好，屏幕和机体结合处松动，每个角上都有划痕像是装屏幕时候撬过一样！充电时候手机发热很大，电池可以用一天，充电器不像是联想产品，这款手机用着棒棒BJ!手机是正品，查了一下也不是官换机，唯一一点缺陷后盖一个角不是很密封，摸着有点割手，星说不影响使用，但是牛竟买的全新的东西，有缺路心里总是不是很舒服，自己又怕麻烦，习惯好评，认了吧6.，颜色很漂亮，用起来很好，手感不错，反应也快，电量还可以，能用很长时间了、运行速度不错，手感和外观也可以。但是不能外接内存，拍照多了，估计内存不够。8、包装都很精致，手机也很好，很喜欢！送的礼品也很多，，希望永久之后也不卡！！嘿
一***猪,star5,手机颜色很好看，质感摸着不错，运行速度快，不卡顿，借618的活动优惠不少呢，电池容量比pro大，一天下来充一次电，可以用掉50%左右电量，屏幕音效：听歌音质确实不一样拍照效果：超清晰运行速度：快待机时间：长外形外观：好看
樂***d,star5,商品很不错，是想象中的样子，质量啊颜色啊也都不错，所有的东西都满足我预设的样子，这些小小的东西，一件一件编制出了我的梦，和美好！感谢商家，商家也很给力，我的要求也好，自己需要对接的东西也好，都尽量做到了，所以必须给你们一个大大的赞，希望我们大家都越来越好！生意兴隆！财源滚滚！
Y***1,star5,在网上买手里一直心里放心不了，害怕回来不好，没想到收到东西质量很好，和实体店的一样，但是便宜很多，拍照效果清晰官网查了确实是正品！需要的可以入手电池续航持久通信音质清晰运行速度快，收到了，质量，颜色等很好
史***p,star5,上了贼船，xR升级换代，618做活动便宜过港货价就入手了。长焦镜头从二倍升到三倍，后面镜头凸出真的明显。包装、物流真的没得说。
h***i,star5,苹果的产品，质量不用多说，厚重，操作流畅，和笔记本，台式机互通非常方便，物有所值正好赶上京东做活动，优惠那么大，比官网优惠一千多，果断入手拼抢，后期还有降价，申请了差价，京东购物绝对放心
u***e,star5,苹果手机就是流畅，跟安卓的区别还是挺大的，自用可以用好几年都不卡，想换手机都没机会，这次趁活动赶紧下手，特别划算，很便宜啊，真的是赚了赚了
夏***锤,star5,手机还是不错的，外观大气，屏幕显示细腻，适合自己使用，音效也很好，一分钱一分货的道理还是对的，希望这个手机能用很久，还有就是物流很快。
j***z,star5,用了一阵子才来评价，紫色的外观真是太漂亮了，max的手感也很好！京东物流配送嗖嗖的，非常速度，第二天就拿到手了，总之很满意
浪***7,star5,外形外观：外形霸气，又大又重，有气势。屏幕音效：屏幕不用说了，绝对一流的。拍照效果：拍照是苹果的招牌，牛的很。运行速度：ios流畅性还用说么，吊打安卓。待机时间：待机超级好，用一天妥妥的。
j***a,star5,iPhone14pro Max是最好用的手机了，拍照效果：拍照非常清晰运行速度：运行非常流畅的屏幕音效：屏幕显示清楚
k***8,star5,宝贝超有所值，大品牌值得信赖，很喜欢，下次还会来的，特别特别特别好，质量非常到位，好评！快递真快，包装高大上，非常棒
抹***子,star5,用了几天来评价，很流畅 没有瑕疵外形外观：外观大气，银色很好看屏幕音效：屏幕应该是LG的吧，没有查拍照效果：拍照感觉比11清晰运行速度：运行流畅不卡顿待机时间：一天一充
j***0,star5,外形外观：非常漂亮，紫色看起来很有韵味，耐看拍照效果：拍出来的照片和相机差不多了，好评待机时间：待机时间很长，一天足够用了屏幕音效：屏幕丝滑，高刷很不错，喜欢运行速度：速度很快，没有延迟什么的
u***2,star5,万分期待的东西终于到手。内心那个炽热激动的劲儿涌上来止都止不住!!!觉得东西不错我就会给好评宝贝产品质量很好 是正品。和页面描述写的基本一致，卖家的客服服务态 从头到尾都很好，快递发货速度超快
原***烤,star5,外形外观：外行好看，大小刚刚好屏幕音效：手感非常丝滑拍照效果：拍照高清运行速度：运行速度快，5G网络不如华为快待机时间：超大电池，可续航一天
萌***宸,star5,非常好看的手机，屏幕很大符合我的需求，原本在纠结要不要退了重新买256的，但是128确实够用了，体验感非常不错哦?
超***哥,star5,之前的旧手机用了三年多了，一直用的都是安卓，这次想换苹果了，正好赶上京东六一八活动，有优惠，我又领了一张12期免息的券，于是果断下单了！手机续航一天是没问题的，电池也大！手感也很好！ 拍照还支持四千八百万像素，绝绝子了！
快***线,star5,从iphone4s开始就是白色iPhone，经典永不过时，这款iPhone14promax颜值高、性能出众、我非常满意！
j***W,star5,外形外观：运行畅快续航很好拍照清晰待机时问真的很长，日常使用一天充一次都用不完，这款新出的苹果手机质量很好，系统流畅.信号稳定，手感很好，磨砂的外壳手感挺好的，金属的边框坚硬结实，屏幕分辨率比较高，拍照清楚，品示艳丽，外观新颖，质量可靠，很快就收到了。 手机太完美了，而且屏幕很清晰，色彩鲜艳，运行速度也很快，音质也很不错主要相机提升很大，拍照很提升很大特别是raw续航还没有试.手感比以上版本系列要高，
木***榄,star5,外形外观：没得说，只能说太漂亮了，没有之一，只有唯一，尤其我用的超薄磨砂手机壳，完美贴合屏幕音效：屏幕太伤感，唯一贴了个防窥膜，稍微暗了点拍照效果：拍照杠杠滴，完美图片运行速度：运行正常速度很激情待机时间：待机时间没有准确测试过其他特色：总体非常满意，特别棒
