https://item.yiyaojd.com/2943430.html,以岭0.35g*24粒/盒,2943430,27.00g,中国大陆,205020021,胶囊剂,国产,成人,中成药,口服,其他
用户名,评分,评论
刘***利,star5,这个药效果让人上瘾，太舒服了，喝完感觉肺很凉，呼气吸气都是凉的，特别舒服，效果可以说是立杆见影，买了好几盒，刚好有些咳嗽，按说明书吃药，一周左右就吃完了，每次吃完都好舒服。
刘***利,star5,喝完感觉肺部特别的凉，对这种感觉有些上瘾，一次喝四粒，见效很快，后面又回购了三次，始终不能根冶，治标挺有用的，大热天的喝完这个，出气都是凉的，就很神奇。
高***渣,star5,价格非常美丽 ，经济实惠。      比线下药店便宜很多 京东物流也是相当给力 快递小哥配送速度也相当的快。 活动价格很实惠
唯***7,star5,莲花清瘟胶囊真的很好用，特别是充好了药，你用鼻子一闻鼻子瞬间通气，他对感冒和流行性感冒感觉效果真是太好了，特别是这个颗粒，感觉比胶囊还要效果好买的经常备用
美***呦,star5,唉，也不知道怎么回事，一不小心阳了。赶紧下单了几包药，很快了，买了2天就送到了，用了***，便宜了好多，差不多一周好的，还有一盒没吃呢，放起来了。
指***人,star5,跟我在实体店买的一模一样！还是一样的好用，开心是正品，信赖商家，宝贝质感很好，价格也适中，无限回购！便宜又实惠，买了好多，宝贝一如既往的好?，性价比非常高，大品牌值得信赖?
R***i,star5,现在家里都是必不可缺少的东西，这个连花清瘟胶囊，对于感冒发烧上火，头痛都有很好的效果，而且在网上买了特别的方便。、质量很好，完全符合卖家对商品的描述，非常满意。、店主服务态度很好，很有耐心，包的质量超乎想象，物有所值，这次我用过后才评价，真得不错，值得推广。从那时起，购买日用品时首先想到的就是京东，它是真正的。出乎我的意料。经济、便宜、质量非常好，与卖方描述的完全一样。
贾***i,star5,京东物流非常快，基本上隔天就到了，快递员服务也不错，整个服务都比较满意。东西也都是正品，家里东西基本都是这里买。节日活动力度比较大，以后还会经常购买！
j***2,star5,"质量非常好，与卖家描述的完全一致，非常满意,真的很喜欢，稜全超出期望值，发货速度非常快，包装非常仔细、严实，快递公司服务态度很好，运送速度很快，第二天早上就到了，又是很满意的一次购物，省时省力省钱省心！"
y***r,star5,不错，有效果，棒棒哒，清瘟解毒，石家庄以岭药业股份有限公司生产的，多次购买，感觉不错，活动价购买的，划算，价廉物美，好评。
唐***z,star5,都是在京东买的，也很方便，价格是比实体店贵点，但是日期比较新，看起来还是不错，永远支持京东，希望京东越来越好。
j***u,star5,性价比高，发货迅速。给单位买的备用药，家里也备了一些。京东药房的药，日期比较新，价格比实体店要实惠很多，虽然可以刷医保，但是这样脱离药品实际价值太多的虚高，仍然让人感觉不爽。阳毒肆虐时，买都买不到这种药，适当囤些安心。
思***女,star5,清热解毒常备药 平时感冒发烧吃点这个药好的也快 比药店便宜很多也放心是正品 多囤点药可以做到有备无患
j***h,star5,宝贝已收到，是我想要的，手感很好，质量也挺好，有问题客服也很快就解决了，态度非常好，一定好评！宝贝收到，一如既往的好，包装很到位，质量还不错，很喜欢，大品牌值得信赖质量很好哦，发货也很快，一家非常喜欢的店铺，我要疯狂推荐给朋友们趁着活动入手划算，发货快，包装得好，非常不错，全新体验，赞赞赞！趁着活动入手划算，发货快，包装得好，非常不错，全新体验，赞赞赞！实物与描述的一样，质量相当好，卖家态度也好，有问必答，发货速度杠杠的，值得购买哦实物与描述的一样，质量相当好，卖家态度也好，有问必答，发货速度杠杠的，值得购买哦非常值得信赖的品牌，质量有保障，价格还亲民，相当满意
j***l,star5,京东大药房购药还是挺方便的，送货上门，速度很快。这款莲花清瘟胶囊，疫情期间抢不到，现在可以正常供应了，京东大药房，方便了消费者，希望越做越好。
1***m,star5,货已收到了，质量非常好，绝对是正品，发货速度很快，商家也非常讲信誉，客服态度非常满意，京东商城购买商品质量保证，价格便宜，商品齐全，京东商城会越做越强，超过所有电商，我就在京东商城购买商品，京东服务第一，质量第一，调换货相当快速，我介绍很多朋友来京东商城购买商品，大家一致认为京东商品好，各方面都到位，京东快递送货速度超快。感谢京东商城！
六***9,star5,二阳必备药品。效果杠杠好。吃两回就好了。没有去医院。京东药店就是方便快捷。京东自营的商品就是物美价廉，京东快递也是非常给力的。京东会员还有更多优惠在的。一直信赖京东自营的商品。
大***麻,star3,感觉这药就是智商税 帮家人买的 坑就一个字
j***8,star5,阳了，啦啦赶紧吃吧，备着1、东西收到了，发货速度很快，卖家客服耐心有礼貌，包包装非常仔细、严实，物流公司服务态度很好，运送速度很快，很满意的一次购物。2、质量很好，完全符合卖家对商品的描述，非常满意。我真的很喜欢，完全出乎意料。送货速度快，包装细致，物流公司服务态度好，送货速度快，购物很满意。3、热心卖家，下次再来。希望你下次有机会合作。祝你生意兴隆，质量非常好。出乎我的意料。包装很小心。谢谢您们。祝你生意兴隆。4、店主服务态度很好，很有耐心，包的质量超乎想象，物有所值，这次我用过后才评价，真得不错，值得推广。春天，最美是浓烟，看不够的是人间，如期而至的春天
j***q,star5,喜欢上京东购物，快和品质好真的令人高兴。这次二阳导致家中药箱库存告急，而去药店购买，贵且不说差劲的是基本上都是小药厂产品。当机立断下单京东大药房，购买了不少必备中成药，如连花清瘟，川贝粉，三金片，三黄片，牛黄解毒，银黄颗粒，vc银翘，京都枇杷膏，西药头孢等等，都是大厂品牌质量有保证非常好。满分奉上是必须的！
j***7,star5,618活动买几盒以岭 连花清瘟胶囊 0.35g*24粒放家里备用， 连花清瘟京东价格比实体店便宜， 清瘟解毒 宣肺泄热 流行性感冒 发烧或发热头痛咳嗽效果很好，京东物流很快，好评。
汉***e,star5,连花清瘟胶囊，治疗两道杠是必备药。这款药我买了好多次，质量很不错，收到很满意。客服服务态度好，考虑周到，疑问都可以解答。发货速度快，安全有保障。
j***b,star5,首阳期间吃了连花清瘟 其实也不知道到底是吃啥药才好的，但是首阳痊愈了 价格也很划算 送货上门很方便 非常赞哦 希望大家都健康
j***g,star5,不错，质量放心，赶上搞活动，价格很便宜，自营产品质量放心，这个药品还是不错的，效果很好，价格也很便宜，这次赶上搞活动了！
符***宛,star5,这是日常必备的药物了！连花清瘟胶囊药效显著，京东自营药房值得信赖，京东物流飞快！这些都是我坚持在京东消费的主要原因！很满意！
u***j,star5,搞活动买的，物美价廉物超所值，比实体店便宜很多，下次还会光顾顺便给京东点个赞……
u***j,star5,购买过多次了，外包装完好，日期都是近期的，物美价廉物超所值，比实体店便宜，下次还会光顾顺便给京东点个赞……
韦***庆,star5,东西收到了，送货速度超级快，送货上门挺好的，方便，包装完好，没有破损，东西不错，价格便宜实惠，感冒季节，家中常备，，，，，
j***g,star5,送货速度稍慢，从武汉发货到兰州，药很好，质量不错，比药店便宜很多，药店的药胡乱标价，治疗感冒效果很不错，推荐大家购买！！！
j***6,star5,非常好，已经买过很多次了，很柔软，出差用起来是非常方便的，效果也挺好的，不过上次买了盒马，自己做的，感觉那个也挺好的，各有千秋
李***8,star5,这些年一直在京东买东西合适习惯了，京东上买的都是一些品牌正品买的放心，这就是物流配送也很快送货上门取件小事就只有买了一些药品，身体挺好的，很努力
二***的,star5,跟在药店或者医院买的一样，京东大药房京东自营就是物美价廉，建议大家有些药品不见得非要到医院或药店去买，上上京东，很快到家。点赞京东大药房！
让***你,star5,整个包装看起来很精致，而且胶囊的数量也很多，可以使用一段时间。连花清瘟胶囊一盒，价格便宜，专职感冒药，家庭必备。买一点备好，在家里可能会用到。真的超级喜欢，质量非常好，与卖家描述的一致！常备药，一次买了三盒，比药房便宜，日期也可以的，京东物流加成，就是方便，就是快！京东大药房购药还是挺方便的，送货上门，速度很快。
I***j,star5,帮同事买的，下单第二天就到了，价格比较实惠，送货速度快，疫情第二波快来了，提前备点药，以备不时之需，药的效果还是很快的。
j***?,star5,家中常备药品，效期时间长，京东发货速度快，服务态度很好，快递小哥送货上门，关键价格和药店优惠！另外大家要注意身体，不要王重阳！爱护身体！！！
j***p,star5,家中常备药物，京东的价格给力，性价比高。京东物流速度非常快，头天下单，第二天就收到了，大大的赞。一次非常满意的购物，还会再次购买的。
d***u,star5,有优惠活动就备一些。这个效果不错，对于流感风热感冒病毒感冒都有不错的疗效，送货到家，方便快捷，非常满意
夜***刹,star5,近期甲型流感和新冠肺炎疫情又有抬头趋势，提前备好常用药品，防范于未然。这些都是按照国家疫情防控科学推荐的，相信国家。京东自营物流很快，质量有保证。
J***o,star5,这阵子南方大变天，日夜温差特别大，舍友还爱开空调，毫不意外的感冒了，身边复阳的也多，害怕自己阳了，赶紧买了连花清瘟，到的速度很快，可能因为我的症状不严重，吃了不到一版就基本康复了，谢天谢地。
零***器,star5,药品质量非常好是正品已多次购买，想必大家都知它的用途了吧不过我还是忍不住多嘴说句。这药对咳嗽喉咙痛特别有效，再加上二阳又要来了所以买点备用
M***8,star3,明明可以放小区，非要放别的地方
j***6,star5,感觉自己二次阳了吃了其它药没什么效果，特地在京东买了这个药吃了两次就好了很多，个人觉得二次阳喉咙痛咳嗽这个药效果还是很不错的
无***i,star5,药品已经收到，日期非常新，京东大药房，真心不错，我自2020年以来，一直在京东上买东西，主要是药物，质量有保证，尤其是京东自营药店，非常放心。疫情期间买药更是方便快捷，真心点赞！
-***安,star5,商品很好送到的也很快，在京东买东西最舒服的一点就是次日达而且送货上门马上疫情二阳阶段了，再屯一点药准备一下，京东也比较可信，不用再去医院买了。
j***y,star5,这个品牌的药品，已经反复购买多次了，东西质量很好的。这个有清热解毒功效的。效果还不错吧。以后还会继续回购哦！京东快递非常快！
j***7,star5,最近老妈感冒，吃了家里的莲花清瘟说是效果好，赶紧在京东补货，头一天下单，第二天就送到了，京东物流值得信赖，价钱比药房便宜很多
L***1,star5,以岭莲花清瘟胶囊可以用于普通和其它流行性感冒属热毒袭肺症状的治疗。治疗效果还是很不错的，而且药品价格适中，还有在京东商城上购买方便快捷。
吃***特,star5,了这个感觉还好，看着挺不错的。朋友朋看到了都让我给他们分享链接呢。收到货品好长时间了，一直没时间评论，已经用了一段时间了，自我感觉良好。东西很好，价格便宜效果非常不错。这次买得真是物超所值，下次还会再来，看起来不错，物流很快，真的很开心比较满意。宝贝快递特别快，物流真的特别给力！每次买他家的宝贝，两天就收到货了宝贝很好，客服态度也很好，我已经买了好几次了。这次是朋友让我帮他买的，我觉得重要的还是值得信赖！真的很开心。
土***r,star5,搞活动买的，物美价廉物超所值，比实体店便宜很多，下次还会光顾顺便给京东点个赞&hellip;&hellip;
J***a,star5,非常好，包装很好，盒子没有压坏也没破损，生产日期也新鲜，家中备着，现在各种病毒太多了，说不上什么时候家里人就感染了，老人孩子都住一起，还是要注意些。
a***3,star5,发货速度很快，包装简单稳妥，价格很实惠。药品质量很不错，下单有相关的京东服务提醒，日期很新鲜，查了是正品。正品行货，京东速度，值得购买。
陈***i,star5,用了几天后就感觉到了明显的改善。我之前一直感到头痛、咳嗽、喉咙痛等症状，但是使用了这个胶囊后，我的病情得到了很好的控制，症状有所缓解。我也很满意这个产品的质量和包装。胶囊外壳很容易打开，药粉也很容易吞咽。整个包装看起来很精致，而且胶囊的数量也很多，可以使用一段时间。
幸***季,star5,京东大药房，质量有保障，放心购买，价廉物美，现在能正常购买，以备之需，常备药，平时准备点。京东包装精致，发货快物流快，很快收到
j***h,star5,搞活动买的，物美价廉物超所值，比实体店便宜很多，下次还会光顾顺便给京东点个赞&amp;hellip;&amp;hellip;
孑***王,star5,这几年来都是在京东商城购买东西，在京东商城购买各种各样的日常生活用品和食品!家里的商品大部分都是在京东商城购买的!这个主要是因为京东商城购买的商品质量好!货真价实!没有假货!这京东快递送货****态度好!京东大药房的药品!真材实料!货真价实!价格便宜!促销活动买的莲花清瘟胶囊!治疗新冠病毒效果好!家里人都是吃这个药品!基本上都是二天就好了/物美价廉/
余***期,star5,京东大药房购药还是挺方便的，送货上门，速度很快。这款莲花清瘟胶囊，疫情期问抢不到，现在可以正常供应了，京东大药房，方便了消费者，希望越做越好。
x***o,star5,这个是真的好，材料和做工都特别精致，做工真的非常棒，我觉着我可以推荐给我朋友买宝贝已收到?，超级喜欢，颜值高又实用，超级喜欢！???好产品好品质好服务，宝贝确实值这个价钱，在这给商家点个赞?东西不错，还有优惠，可以放心省钱购买，不要犹豫了是正品，而且价格不贵，用着也很大气，一直在用，很好??真的好喜欢，客服态度也挺好的，值！以后有需要还会来买
H***_,star5,正品店铺，放心购买，客服态度也很OK，整个购物过程非常顺利！下次还会再来的！赞！发货很快，包装的很好，价格也特别实惠，还有这么多功效也是不错了，值得购买商品收到咯，特别喜欢。
j***知,star5,连花清瘟胶囊宣传对于新冠肺炎治疗效果好，以前没有抢到，价格也比较贵，这次来了二阳，很多人被传染了，看到现在的价格已经恢复到原来的价格，买点存着。
j***m,star5,买来预防感冒的 ，京东超市自营质量更有保证，京东做活动价格比实体便宜，物流又十分地给力，拍京东的自营商品，的确是优惠，正品，快速，省心，省力，好评！
j***p,star3,预计送到差很多天，现在京东服务没有以前好。。。。。。。。。。。。。。。。。。，，，，，，，，，，，，，，，，，，，，，，
p***8,star5,这款连花清瘟胶囊是买来为可能发生的二阳准备的，发热头痛这些毛病用连花清瘟胶囊效果不错。在京东买质量不错，价格也实惠，比在实体店买便宜。
j***n,star5,物流速度不错，刚好还有点咳嗽，所以吃了一点！感觉效果是真的不错，希望不忘初心，保证质量做更多更好的产品！
我***峰,star5,正好是618搞活动购买的，价格比平时实惠，东西质量也没有问题，应该是正品，搞活动多买了一点，反正保修期也长，家里人也都可以服用。
j***K,star5,以岭药业制造的连花清瘟胶囊，效果不错，功能很强， 清瘟解毒 宣肺泄热 流行性感冒 发烧或发热头痛咳嗽。
u***z,star5,相信京东大药房，不仅仅药品正规，而且对购买产品也负责问诊，价格优惠活动多多，希望可以在未来的日子永远购买放心药！！！平台越来越好！
O***g,star5,一直在京东大药房里面买的这个牌子的莲花清瘟胶囊，还是挺有效果的，自从疫情过后一直都有备着这个药，平时上火感冒也可以吃的，清热解毒挺好的，而且在京东买都是正品
L***o,star5,该品牌的产品已多次购买，产品的质量还是不错的。希望商家或京东多搞一些优惠活动，活动的力度还应再大点。尤其对老顾客还应再给予优惠。
宅***丁,star5,纯中药制剂，效果还可以，据说可以治疗新冠肺炎轻症。价格比药店便宜一些，主要是药店现在还是不怎么好买。京东自营安全放心。家中可以备几盒。日期也比较新。
沙***舟,star5,家庭常备药，感冒发烧用后效果好，没什么副作用。以岭 连花清瘟胶囊 0.35g*24粒 连花清瘟 清瘟解毒 宣肺泄热 流行性感冒 发烧或发热头痛咳嗽
j***9,star5,一如既往的赞一个这快递速度，头天下单第二天就到，而且完好无损。京东自营买的，相信应该不会有假货，日期也新鲜，202211的生产日期，2025年过期。
j***a,star5,感冒吃这个还是不错的，早点恢复对身体有好处的。怪不得这次的便宜，原来量少呀，下次买东西要看好规格呢，京东快递不是一般的好。
孟***6,star5,方便快捷的购物，药品做到随叫随到，而且保证正品，确实十分难得，日期也是最新的，不是库存压货，京东购物，要的就是放心与品质
天***8,star5,收到了，谢谢，真的快捷方便，上午刚看到，就家中长备，下了个单，现在就收到了，感谢快寄给力，送货小哥风雨无阻，选京东放心！
x***4,star5,新冠阳了几天，烧退了。但感觉还有感冒症状，咽干咽痛，买莲花清瘟次日达的，希望有好的效果。一次性买了五盒，价格还蛮划算的，希望药到病除。
雾***神,star5,挺快的，还专门发了好多条信息，专门提醒用药安全，可能是怕网上购药无法做到当面说清用药方法与禁忌，药包装完好，里面就正常的药物。
财***福,star5,常备药，一次买了三盒，比药房便宜，日期也可以的，京东物流加成，就是方便，就是快！不是着急马上服用的药，这里买没毛病！
闽***情,star5,很棒！生病了感冒了，吃点这个药效果很好。的，非常相信中成药的抗病毒作用。图二下面一盒是上个月在京东自营大药房买的，盒子偏白，这次买的不是京东的，盒子偏黄，不知道有没差异，而且这次买的又便宜，其实看不出来。盒备用。大人小孩都可以用，小孩子要减量。
爱***鬼,star5,这两天又感觉不太舒服，鼻塞喉咙痛口干浑身乏力，昨晚还有点发热，现在买药很方便了，赶紧备几盒，希望快点好起来，病来如山倒啊
别***呀,star5,家中常备莲花清瘟胶囊，无论是新馆还是普通感冒都有效果，以备不时之需，胶囊制剂不苦服用方便，京东大药房品质有保障，物流快，赞?
j***c,star5,很棒！生病了感冒了，吃点这个药效果很好。的，非常相信中成药的抗病毒作用。图二**一盒是上个月在京东自营大药房买的，盒子偏白，这次买的不是京东的，盒子偏黄，不知道有没差异，而且这次买的又便宜，其实看不出来。盒备用。大人小孩都可以用，小孩子要减量。
h***_,star5,看着还不错吧。。。…价格便宜一点就更好了。。。。。。。。不知道到底有没有效果。。。。。。过段时间再来评价吧。。。。。。相信京东的质量应该没有问题吧。。。
拍***呗,star5,阳了又阳，现在这些都是常备药啦，京东买药很方便，基本两天内就能到货，方便快捷，价格还优惠，好评好评哦
一***萘,star5,莲花清瘟胶囊。第二次新冠。赶快去买了一盒，解毒，发热。流鼻涕咳嗽的，用了二三天。转阴了。谢谢啦。快递也行啊。整体效果很好
梨***心,star5,发货速度很快，卖家服务也好，目前很满意货真价实，高颜值，高品质，一分钱一分货，材质外观和质量一看就很上档次，非常喜欢???????????货真价实，高颜值，高品质，一分钱一分货，材质外观和质量一看就很上档次，非常喜欢???????????
g***r,star5,效果不错，下次再来，五星好评，下次继续光顾，价格不贵，一次非常满意的购物！值得大家购买！亲们赶紧下单吧
j***w,star5,在京东大药房。买药品就是省心。物流也很快。价格比药店便宜。而且日期也很好。最主要的就是保证正品，放心。一如既往的支持京东。
S***t,star5,比平时要便宜，囤了不少，特别特别满意?，超级好看?，客服很有礼貌，很客气，良心商家，支持！?宝贝质量很好，收到货第一时间打开看了，很不错?，很满意?，客服也有问必答，感谢?包装非常结实，东西保护得很好，值得好评特别特别满意，超级好看，客服很有礼貌，很客气，良心商家，支持！一次很好的购物体验，服务周到，物流快速，配送也很周到，态度也很好，好评！包装非常结实，东西保护得很好，值得好评宝贝和介绍的一样，质感很好，功能强大，用了感觉不错真的超级喜欢，质量非常好，与卖家描述的一致！绝对是最开心的一次购物，店家服务态度很好，售后也是真心喜欢，颜色、款式都非常棒！正品店铺，放心购买，客服态度也很OK，整个购物过程非常顺利！下次还会再来的！赞！物流很快，质感很好，很漂亮，很喜欢物流很快，质感很好，很漂亮，很喜欢?宝贝收到了，很惊喜?，设计合理，时尚大方，继续关注，以后会回购的???包装非常好，很严实，值这个价格?宝贝收到了，很惊喜?，设计合理，时尚大方，继续关注，以后会回购的???跟我在实体店买的一模一样！还是一样的好用，开心是正品很好用，价格便宜了很多，性价比超高，真的特别划算，包装
j***0,star5,包装完好，在京东买东西放心，快递小哥服务周到，只要京东有的东西一定在京东买，不用担心其它问题，日期很近，疫情还没有结束，必须常备药，不至于急用时心慌。
j***G,star5,感冒了，头痛喉咙痛，鼻塞流涕的，难受的很，而且还浑身酸痛的，在该店买这药，用了后感觉好些了，这药效果还挺不错的，毕竟是中成药，副作用小见效快，相信中药的价值和作用。
张***7,star5,京东大药房品质有保障，比实体店实惠价格，老公二阳了，买了4盒，希望有效果，正好8天量，吃完快快好起来
银***光,star5,头一次在京东大药房买药，非常好，但是只用连花清瘟对抗甲流，效果有些慢（可能再加个消炎药或者抗病毒的药应该好的更快一些）
n***n,star5,2022年12月5日订货等了半个月收货，当时刚好全家都阳了正好可以用；生产日期新鲜2022年12月1日，功能强大，感冒类相关的症状基本都能治疗，避免重复用药风险，好评！
好***有,star5,感冒药收到了，一感冒就咳嗽厉害，所以不得不吃药才行，一次性拍了三种药，下猛药吃了才好得快！……这次真的超快就好了，不过吃药反应有点身体吃不消，又一直都在上班，真的好累好累哦！不过好在好得快……
美***5,star5,现在家里的药几乎都在京东买，这款胃药很好的，喝上胃里暖暖的，一下子胃病就缓和了好多。感冒药，连花清瘟前段时间也只有在京东可以抢到，京东很良心的企业。
c***4,star5,这几年来都是在京东商城购买东西，在京东商城购买各种各样的日常生活用品和食品！家里的商品大部分都是在京东商城购买的！这个主要是因为京东商城购买的商品质量好！货真价实！没有假货！这京东快递送货****态度好！京东大药房的药品！真材实料！货真价实！价格便宜！促销活动买的莲花清瘟胶囊！治疗新冠病毒效果好！家里人都是吃这个药品！基本上都是二天就好了！物美价廉！
c***4,star5,这几年来在线上买很多商品，各种各样的电商平台都买过。但是买的商品最多的还是在京东商城。这个主要是因为京东商城购买的商品质量好！货真价实！没有假货！京东快递送货****态度好！京东大药房的药信得过！没有假药！搞活动买十盒莲花清瘟胶囊回家。家里人吃了都说效果好！见效快！药到病除！且价格便宜！物美价廉！
c***9,star5,这几年来都是在京东商城购物，在京东商城购买各种各样的日常生活用品。家里吃的用的基本上都是在京东商城购买的。这个主要是因为京东商城购买的商品质量好！货真价实！没有假货！京东大药房的药品质量有保障！莲花清瘟胶囊疫情期间搞活动买的！买了好多！货真价实！治疗效果好！价格便宜！物美价廉！
J***e,star5,前一阶段，这是最红的药物。等阳完后，这个连花清瘟就很好购买了，正好我的嗓子毛毛的，所以购买了一些，吃了一盒多，就可以基本没问题，效果还是不错的，五星好评
j***O,star5,连花清瘟胶囊收到。备用药。预防新冠合流感病毒感染。京东快递。物流很快。价钱便宜。比实体店药店便宜。很满意！
j***m,star5,给家人买的。。送货比较快。包装严谨。大牌。正规厂家出品。值得信赖。。家人反应效果很好的。中药类。国货精品，值得推荐。疫情防护必备之一。
s***_,star5,因为疫情管控，下单后一直没发货，客服也很耐心解答想办法。后改了收货地址等了几天后发货。挺好的，很赞
h***4,star5,京东大药房终于有货了，快递??很快，家里老人家买不到药??，特意买来送给家里老人的，京东大药房价格公道，质量保证，买的放心。
j***x,star5,不错！不错！很不错！外面各个药店都买不到货了，京东大药房可以限购二盒，还送货上门，真是服务到位，支持京东大药房越做越好！
j***q,star5,东西非常好很愉快的购物快递，很快就送到了有备无患莲花。请问胶囊国产大品牌值得信赖还会继续购买非常好的购物体验很好，下次还会继续购买。
c***4,star5,这几年来都是在京东商城购物，在京东商城购买各种各样的日常生活用品。家里的商品大部分都是在京东商城购买的！这个主要是因为京东商城购买的商品质量好！货真价实！没有假货！京东商城快递送货****态度好！现在药品也都是在京东大药房购买！质量好！信得过！莲花清瘟胶囊治疗新冠病毒效果好！见效快！吃药二天基本上都好了！价格便宜！物美价廉！
粥***o,star5,连花清瘟大品牌值得信赖，生产日期是近期的，治疗感冒效果很不错，这次选择了在京东大药房上买，疫情当前能买到这么便宜的药，没有涨价，值得赞扬，京东服务体贴又周到，感谢京东大药房让我买到连花清温胶囊，相信京东！
彼***生,star5,以岭连花清瘟胶囊，国药准字号药，非常不错的中成药产品：清瘟解毒、宣肺泄热，效果好；平时的热感冒也可以使用；物流配送也很及时，物超所值，特殊时期，特殊的爱懂得都懂支持国货，莲花清瘟胶囊包装很好，物流也很快。满满的一大盒，48粒装，性价比高，治疗感冒发烧，流鼻涕打喷嚏，有很好的疗效，疫情期间备上一盒，应该是正品，前一段时间储备买的一盒，一直也没用上，希望所有人永远都远离病痛！疫情期很有名的药，药店没买到，京东竟然抢到一盒，京东值得信赖！！
F***y,star5,真的好喜欢，客服态度也挺好的，值！以后有需要还会来买刚好做活动，价格便宜了很多，性价比超高，真的特别划算
j***g,star5,宝贝收到，一如既往的好，包装很到位，质量还不错，很喜欢，大品牌值得信赖特别满意，好评必须好评质量很好，买的很合我心意，棒棒哒！需要的可以放心购买，快递速度很给力，春节期间都可以送货，商家服务热情，回复很快
j***q,star5,??以岭 连花清瘟胶囊 48粒  清热解毒 宣肺泄热 治疗流行性感冒??，疗效好，购买方便，购物还是京东好！送货上门，很满意，支持京东！
1***p,star5,在疫情开放前购买的，包装的很好，这款是0.35g48粒，能够清瘟解毒，宣肺泄热，流行感冒可以喝的，还是比较不错的!家里人感冒就买过连花清瘟胶囊，效果还是很好的。买几盒先备用着。产品还是很好的，跟在药店购买的一样，预防流感什么的，中成药副作用很好，备点感冒药才能安心。医院常备的药品，家里人也多次购买了，效果也.是没得说，还是备点防感冒的药在家里才放心的，不然遇到头痛脑热买不到药就麻烦了，上市公司这款中成药的功效还是比较可靠的，特别对普通感冒、咳嗽、咽喉痛有很好的效果，这个产品效果还是非常好的。京东买有保障
海***開,star5,宝贝终于拿到了，好开心耶，宝贝的外观很好看很舒服，我觉得还十分划算了，宝贝质量很好，真的很开心买到自己想要的宝贝，比以前买的好多了，是以个性价比比较高的宝贝，值得推荐，值得信赖。宝贝包装看起来很好，挺高大上的，看起来很用心。宝贝昨天收到的，物流很给力，宝贝很快就到了。非常满意的一次网购。宝贝收到了，用了这个感觉还好，看着挺不错的。朋友朋看到了都让我给他们分享链接呢。收到货品好长时间了，一直没时间评论，已经用了一段时间了，自我感觉良好。东西很好，价格便宜效果非常不错。这次买得真是物超所值，下次还会再来，看起来不错，物流很快，真的很开心比较满意。宝贝快递特别快，物流真的特别给力！每次买他家的宝贝，两天就收到货了宝贝很好，客服态度也很好，我已经买了好几次了。这次是朋友让我帮他买的，我觉得重要的还是值得信赖！真的很开心。拿到货了，特别激动，赶紧打开，宝贝真的很不错哦，外观很精美，质量也很不错，赶紧体验了一下，觉得真的是物有所值啊，值得回购，喜欢的小伙伴们就不要犹豫了，
尊***宇,star5,赶在疫情开放前购买的，包装的很好，这款是0.35g48粒，能够清瘟解毒，宣肺泄热，流行感冒可以喝的，还是比较不错的！家里人感冒就买过连花清瘟胶囊，效果还是很好的。买几盒先备用着。产品还是很好的，跟在药店购买的一样，预防流感什么的，中成药副作用很好，备点感冒药才能安心。医院常备的药品，家里人也多次购买了，效果也是没得说，还是备点防感冒的药在家里才放心的，不然遇到头痛脑热买不到药就麻烦了，上市公司这款中成药的功效还是比较可靠的，特别对普通感冒、咳嗽、咽喉痛有很好的效果，这个产品效果还是非常好的。
j***t,star5,以岭连花清瘟胶囊收到了，包装的很好，这款是0.35g48粒，能够清瘟解毒，宣肺泄热，流行感冒可以喝的，还是比较不错的！家里人感冒就买过连花清瘟胶囊，效果还是很好的。没想到新冠疫情一爆发，莲花清瘟胶囊到成了抢手药品，一盒难求。最近进入秋天，流感再起，买几盒先备用着。产品还是很好的，跟在药店购买的一样，预防流感什么的，中成药副作用很少，成分有、连翘、金银花、久麻黄、板蓝根、鱼腥草、大黄、红景天等中草药，辅料玉米，治疗流行性感冒效果很好！可以在家里备一点，这个产品还是很好的，备点感冒药才能安心。医院常备的药品，家里人也多次购买了，效果也是没得说，还是备点防感冒的药在家里才放心的，不然遇到头痛脑热买不到药就麻烦了，上市公司这款中成药的功效还是比较可靠的，特别对普通感冒、咳嗽、咽喉痛有很好的效果，这个产品还是非常好的！ 终于买到传说中的连花清瘟胶囊了，产品质量包装很不错，如果再特别做一张提示各年龄的使用方式与药物混用说明就更完美了，最怕家里老人看不懂乱服用，我觉得最近2023年，各个家庭都要常备此药
j***t,star5,挺好的，和想象中一样，随意搭都很好看，满意！材质很好，质量也不错，到货也很快第一次在网上购买，也是看评价才买的，质量还不错，也很便宜，有需要的朋友可放心购买??是正品，跟商店里买的是一样的，在这网购方便快捷，品质放心，还会光顾！.^?^.宝贝收到，一如既往的好，包装很到位，质量还不错，很喜欢，大品牌值得信赖??宝贝收到了，颜色很好看，质感也很好，样子简单！??是我想要的！！下次还会再来！质量很过关，品质有保障，相当不错的选择，好多朋友看我用都想买，我都推荐了到货就迫不及待打开了，果真没有让我失望，质量特别好，颜值也相当高，满意的一次购物 好几个月都买不到的药，现在能买了，可能是没人买了吧，哈哈哈哈哈哈，病都好了，都去买拉肚子药了，我买点意思意思吧。哈哈哈好
艺***5,star5,"放开下单备用药，连花清瘟效果对热症感冒还行，也就是风热感冒，有效期至2025年5月，京东自营服务、发货速度、整体还不错。急用还得是京东自营的物流很快。 一次很好的购物体验，服务周到，物流快速，配送也很周到，态度也很好，好评！嘻嘻!开始我原以为质量是一般般的,想不到拿到手上后的感觉就是不一样,坠坠的,有点沉.当初的凝虑没有了,真是太开心了!在这店里购物就是一种享受,很值得购买....哈哈!又一次淘到好东西了...好评,绝对的好评!下次再来，介绍倾情的同事朋友来购买,希望老板能便宜一点，真是太有魅力太显修身了,走在大街上回头率超多啊。"
梁***妈,star5,第一次买这个牌子的儿童口罩，耳带不勒耳朵，3D立体，很好的遮挡了宝宝的鼻子和嘴巴。宝宝马上5岁了，带着很合适，有需要会继续购买
秋***樹,star5,一直在京东上买这药，就算疫情暴发期间，价格浮动也没多大，而且药品质量也有保障，在感染发高烧时吃四颗，身上汗如雨下，排毒效果明显，感染新冠和感染流感发烧时，都是这药退烧！非常好。
j***u,star5,自从疫情以来，经常在京东买这个药，效果很好，平常风热感冒也能用，物流很快，不用往药店跑了，很方便，五星好评，有需要还会来光顾的
佛***哒,star5,口罩时期，各种药家中常备还是踏实些。赶上京东大药房的活动，买了一盒48粒的存上，有效期到2025年4月。连花清瘟胶囊治疗流感还是非常有效果的。
j***5,star5,买的药?已经收到了，京东的物流还真快，昨天下单今天就到了，包装也挺好的，这几天也不知道是感冒还是流感，总之不舒服的很，晚上吃几个试一下
项***5,star5,连花清瘟胶囊都是在这家买的，很好用，已经买了好几次了。疫情期间还是要家里备着点，没办法，不想往医院跑。价格还算便宜！哈哈！
j***b,star5,连花清瘟大品牌值得信赖购买，这款药包装严实，效果很好，遇上京东搞活动价格很实惠，性价比很高，算是平价好物，会回购的。物流也很快，服务态度好，网购上京东，正品保证！
噬***然,star5,疫情期间这个药也很火，现在放开了，买来备用，平常小感冒什么的也能用。京东快递很快，价格比之前稍微涨了一点，市场需求应该很大。
j***y,star5,经常在京东商城给单位购买药品，快递很快，而且价格便宜，经常有优惠，可以送货上门，省去了去超市采购的时间，以后也会继续支持。
d***i,star5,新冠以后，身体体质下降了，确实需要多注意身体。莲花清瘟胶囊主治：清瘟解毒宣肺泄热，感冒的时候鼻塞流涕、咳嗽头疼，咽干咽痛，舌苔发黄很适用，缓解症状
不***啊,star5,物美价廉，新冠过去了，以前抢都抢不到的药，终于遍地都是，而且价格非常优惠。世界变化真的是太快了，担心下次新冠又会卷土重来，药又抢不到，所以趁现在赶快备些。虽然也知道也许这药根本不管用，但有总比没有好。
枫***念,star5,非常不错的，效果可以，对于流行的新冠疫情感冒生病效果还不错，之前还买断货了，趁现在有的时候买点库存放着留着用
e***y,star5,价格便宜，送货速度很快，抗疫必备神器，纯中药配方，预防治疗都很有效。线下根本就没货的时候还能在线上买得到，真的是特别给力，生产日期也很近，值得购买。
j***S,star5,以岭药业的连花清瘟胶囊是一款货真价实的好产品。以岭药业的名气在中国响**有名气，他们的药品对病毒杀伤力强。值得信赖。点赞了！
l***6,star5,这种药物治疗风热感冒效果是非常不错的，能够有很好的清热解毒的作用，同时还能够缓解因感冒出现的咽喉干痒、疼痛。对于病毒性感冒也有非常好的缓解作用，还能够治疗发烧恶寒以及肌肉酸痛等问题。当感冒出现了流鼻涕、咳嗽都可以通过使用它来治疗，效果非常不错。
T***W,star5,宝贝不错，物超所值。性价比比较高。京东物流也很快送货上门，谢谢店家提供这么优质的产品。以后还会再买的。比在药店买的便宜。效果也很好。先用一段时间再说。祝店家生意兴隆，发财发财。！
m***t,star5,抢购成功了几次，一次能买两盒，真不容易，不知道抢购了多久，恶意囤药导致急需要的人买不到，哎！也没人管管，说说效果，很有效，这个药比布某芬合算多了，布某芬单一退烧，不合算！感谢！
不***黄,star5,莲花清瘟胶囊在京东大药房购买有质量保证，价格实惠，用于治疗清瘟解毒，流行性感冒效果很好。非常满意的一次网购。
j***y,star5,此乃近期神药，疫情期间一药难求，最近流感爆发买两盒在家里备着，日期新鲜，物流速度也很快，总比到时候抓瞎好，很大一盒，但是吃起很快。
q***2,star5,大品牌药效很好，跟药店一样的价格，比去药店购买方便多了，客服人员服务态度很好有问必答，介绍的很详细，京东快递送货上门速度很快，服务很好，比去药店购买方便快捷多了！
茗***宝,star5,莲花清瘟胶囊可是疫情期间的明星药品，各大药店都没有，网上也抢不到，后来第一波疫情过去了才能买到货。赶上囤货潮最后没用上，京东是很好的购物平台。
j***t,star5,连花清瘟胶囊，我以前喉咙痛上火了服用它就比样快起效的，这次元旦前阳了以后因为家里只有一盒，怎么也买不到，先是服用其他药不凑效，赶紧改用它，发現缓解喉咙疼真舒服，很适合我。后来有得卖了就多买几盒备着了。
j***6,star5,药品真实有效，药效很好，疫情期间，线下药店全部断货，根本买不到，多亏线上给广大消费者提供了很好的购买机会，京东物流给力。
q***2,star5,京东药店质量有保证，和实体店一样，但是疫情期间实体店买不到，京东预约到了。嗯价格还比较优惠京东快递送货****很棒！比去药店方便多了！
j***e,star5,连花清瘟胶囊，排了好久的队才买到了，疫情期间，这种药真的很难买。期间的客服很耐心，也很认真，耐心劝说讲解，物流也比较快，赞一个
x***7,star5,正值新冠疫情防控解除，购买的人太多了，前十几天硬是下单不成功，价格没得说，比当地药店讲诚信！物流快速，配送也很周到，态度也很好，好评！
我***晖,star5,莲花清瘟，治疗发热感冒咳嗽头疼、肌肉疼痛等症状，效果挺好的，家中必备，京东大药房，买药很方便，价格也实惠，物流速度快！
余***大,star5,疫情之下备药，怕赶上高峰期又没药就麻烦了，京东大药房价格很实惠，买2盒备着，包装密封性很好，京东送货快，服务很好，无限回购的平台
y***o,star5,莲花是家庭的常备药，非常时期买点放着心里安慰吧，药是新生产的，日期非常新，这样的话备用的时间也长，药房客服的服务态度非常好，问题回复快，发货速度和物流运输都很快，收到的商品包装完好没有破损，良心商家，价格实惠，真心点赞。
肉***憨,star5,因为本帅哥很懒，不想每一件商品都一样一样地去写好评，所以特意写了这样一个评论。但是这件商品无论是质量、材质还是款式，肯定都是本帅哥所中意的，如果本帅哥不喜欢的话，本帅哥收到货肯定是会很生气的，很气很气的那种哦。不然这个评论肯定会变成那种喋喋不休，怨气横生，怨天怨地的那种。最后当然不可能忘了给这件商品一个好评，给各位宝宝们一个购物参考，这个产品还是非常值得购买的！ 祝看到这条评论的各位永远年轻漂亮美丽大方！
l***m,star5,被这波疫情彻彻底底的捣怕了，问你询药问他询药的日子不好过，这消停了，也得买点备用药放家里，京东比实体店里便宜不少，京东物流也很快
皮***心,star5,不错合适，性价比高，使用感很好，价格也实惠，在疫情期间能用到想用的东西还没有抬高价格，给个大大的赞，在这里买过很多吃东西了，以后还会持续信赖，持续相信，持续回购，大品牌值得信赖，还要买买买，在买的路上停不下来～
木***9,star5,疫情放开之后，在大规模感染高峰期，京东每天都有防疫物资抢购，能够抢到药品，京东真的非常给力，而且是原价，良心企业，物流也非常快，关键时期，快递员冒着感染的风险给我们送快递，真的非常好。
j***6,star5,国民神药，疫情期间购买，家居必备良药，对感冒也有很好的疗效，咽喉肿痛吃一两次就好了，备用药备的放心，在疫情期间药品紧张情况下，在京东平台还能如愿买的心仪的药品，点赞！
流***1,star5,物美价廉，疗效确切！我之前阳了，就是服用该药后，迅速转阴且后遗症几乎没有的！可以说是国货之光吧！故再买2盒作战路筹备用！
j***d,star3,病好了，，药来了
小***w,star5,质量很好，在喝挺好，家人很喜欢，家人们也很喜欢喝，下次一定要再来购买，品牌值得信赖，下次还会再来购买的，同时给家人推荐的。
T***o,star5,这个药的主治工能主要是：清瘟解毒，宣肺泄热。人囤那些药，实话实说这个退烧效果很好，感谢！发货速度快，使用效果不错。疫情期很有名的药，药店没买到，京东竟然抢到一盒，京东值得信赖！也省去了去医院看病的麻烦。希望以后生意兴隆，希望疫情早日过去，实在是太难了。
熊***籽,star5,在京东买药方便快捷还实惠，包装也是蛮结实的，物流速度也是挺可以的，总体来说感觉挺不错的，非常好，抢的比较容易，性价比很好的，没有涨价的，京东购药很棒的！!!
清***1,star5,连花清瘟胶囊，疫情期间大火，大家疯抢，终于抢到了，价格合理，没有乱涨价，给京东点赞，快递的速度是非常快，京东的速度无与伦比！
G***g,star5,莲花清瘟胶囊，家中常备感谢京东的大力支持，让我在感染的时候及时拿到药；信赖京东，相信京东会越来越好！京东物流很棒！
窦***星,star5,新冠病毒大流行期间，全网盛赞此药，果断下单购买。大约过了快一个月，收到后，却不敢吃。网上的****也很多，拿不准真假，再观察再做评价。
格***校,star5,1. 药品疗效不错，清瘟解毒，宣肺泄热，可以很好的起到预防和治疗的效果。2. 药品价格平价，在京东大药房购买让人放心。3. 药品保质期还有很长时间，好评4. 短信提醒用药须知5. 物流快、包装完好
夜***祷,star5,一直在这里买这个连花清瘟，活动的时候价格很美丽，发货速度贼快，质量不错，应该是正品店家发货非常快，服务态度很好，应该是正品，一次很愉快的购物细节非常完美，整体来说真的很不错。性价比很高，下次还会继续光顾！
阿***喔,star5,货已经收到了，包装完好无破损。连花清瘟胶囊，我是在疫情没有放开之前买的，它是新老包装随机发货的，我收到的是新包装的。在家里备上一两盒，用于治疗流行性感冒引起的嘉塞流涕，咳嗽、咽干咽痛等都很有效果。快递也很快，太赞了。
z***驴,star5,各种细节做的都很好，速度很快，很智能，外观简单大气，绝了全家人都爱它，买到了很值，推荐大家买，颜色鲜艳，显示画面清楚，送货快，值得购买，推荐忘了评价物流了，小家庭的不二之选，准没错，做工精细质量不错，产品太好了，比想象中的效果好多了，产品很好，使用方便，挺大的，颜色好大上，里面空间很大，足够家人使用，操作简单安全，值得购买，放在家里太好看了，颜值高，真心觉得好
东***我,star5,药是好药，发货速度也很快，收到了，用来备用的，最近天气变化大，很担心又感冒了，毕竟现在感冒很让人担心，还是买点药存着，病了也可以自己搞定。
L***峰,star5,当时好不容易抢到一盒、还要等好久好久才能发货?真是不容易啊！莲花清瘟不错！卖那么火！日期很好！保质期长 备着吧?
小***Q,star5,虽然最后一个也没有吃，但是当时大环境下，心理慌慌的，线下药房也买不到，正价在平台上抢到，还是很不错的，并且物流也很快，还是很不错的。
我***钱,star5,最艰难的时期，京东给我了两盒，很不错，还有一盒没有吃，日期很新，到2025年，家里面也少不了这些东西，用完了会回购
j***1,star5,疫情期间京东买的，非常好，当到处都买不到药的时候，京东提供平价药，鼓掌????????????
A***n,star5,京东老plus会员了，购物基本就京东。到底就是好东西很合适，物流也很快，使用时体验很好，下次还会继续购买。也会推荐朋友购买。
1***8,star5,亲戚推荐的品牌，超级好，包装也不错，物流很快，价格实惠，大品牌使用有保证，这次交易很愉快，好，好，好，尽在不言中，很好的一款产品，颜值很高，京东自营物流非常给力，用过之后才来评价，值得购买，会推荐朋友们来的，预留的空间正好够用，物流服务也非常细心，客服敬业得很有耐心，发货神速，物流也很给力给力给力，东西很不错，京东好物哦哦哦牛
吾***仙,star5,价格正常，在疫情期间发货速度较为及时。东西可靠，且值得信赖，相信京东品质，相信连花清瘟胶囊，使用后，喉咙舒适！效果很好！！
芊***e,star5,京东产品，质量保证！物流特快！服务态度好！几年来，本人从来没有在京东购物平台买到一件假货或者次货！多次从京东自营店购买药品，质量非常不错！         京东购物，美好生活！
柠***T,star5,很不错，在疫情严重的时候原价抢到一盒，京东的快递也还可以，两三天就送到了，没有太慢，生产日期也比较新，非常满意，家中常备。
白***星,star5,购买药物，还得是京东大药房，不仅价格便宜实惠，送药还快，一点儿不耽误使用，客服小姐姐服务态度很好，快递小哥的服务态度也超级好，非常愉悦地购物体验，连花清瘟胶囊的药效杠杠滴，治愈特别快！
精***7,star5,买了几盒；多了两盒没有用的，可以**，不知道以后还用不用的上，东西是很灵敏的，放鼻子比较容易接受，感觉很准，一次阳，一次迎着。
c***云,star5,非常的感谢京东能在疫情这么严重的情况下买的莲花清瘟胶囊，有了他一家的老小，非常的有保障，而且发货速度也非常的快，信赖京东，京东确实值得信赖
小***享,star5,以岭出品的莲花清瘟胶囊已经收到货了，发货非常快捷，同时快递员送货也是飞快的！这款莲花清瘟胶囊在网上都是紧销药品！当前大环境下防疫中，万一被感染上自己手里有药就不会慌张！提前起到预防的作用！个人认为家里都需要备上几盒以防万
洞***旨,star5,因为口罩 ，所以还是屯一点在家 ，以备不时之需 。有溯源码 ，正品保证 。很好 。快递投递及时 ，能送货到家 ，都很好 。
j***m,star5,连花清瘟胶囊是买来备用的，以前没有备药的习惯，现在特殊时期，备点是可以的。物流也很快，隔天就到了，配送很及时，包装完好！
x***m,star5,疫情高峰期时，哪哪都缺药，在JD上居然可以通过预约买到限量药，真正的良心商家。商品很好，很有效果。希望疫情尽早结束，大家不会再出现医药难求了。
C***d,star5,京东物流是真的很快呀，现在买东西都是先看看，是什么物流，然后才去下单，包装完整，无破损，生产日期很新，质量很好。谢谢店主！
l***l,star5,终于收到我需要的宝贝了，东西很好，物美价廉，而且性价比也很高。这正是我需要的，收 到的时候包装完整，打开后让我惊喜的是，宝贝比 我想象中的还要好！不得不得竖起大拇指。
l***0,star5,特殊时期，还是得信赖京东自营，虽然当时药不太好买，但总归有个希望，而且京东一直坚持不涨价，真的值得大赞，有效期也很长，很好
戴***_,star5,京东发货的速度非常快，要是正品收到的时候，外包装很完好没有破损。跟以前买的一模一样，一开始要抢购，不太好买，后面就开放购买了，非常方便。
t***4,star5,东东的药还是很正规的，还有发货对照小票。日期也挺新的，有时候在这里买，真的又方便又省心。到药房还没有这里省事，还有医生帮忙开药，发信息提醒怎么吃，这就很贴心了。
滴***0,star5,又买了些，备着点吧，京东的质量非常好，完全超出期望值，发货速度非常快，包装非常仔细、严实，很满意的一次购物
亲***妈,star5,之前想买都断货，现在价格货源都稳定了，买两盒备着，三年有效期，快递也是很快，偶尔还能收到提醒使用方法的信息，这个做的真是贴心
自***点,star5,整体来看还是很不错的，新冠时期购买的，配合抗病毒口服液来用，效果还挺明显的，很不错，家中常备，值得购买，有备无患。。。。。。。。。。。。。
J***I,star5,莲花清瘟胶囊。年前的时候听朋友说。新冠疫情需要用到就购买了。不过没事。这个药片可以放几年，备在家里也实用。物流很给力，当天购买当天收到给快递小哥点赞。
奔***二,star5,之前疫情的时候抢得这个莲花 还可以吧，发货速度还是可以的，在京东上买东西很方便京东健康上有一些药还是很方便买的，总的来说不错
j***K,star5,在家备用，也是挺好的。中国加油！用于治疗流行感冒属热毒袭肺症，症见：发热和高热，恶汗，肌肉酸疼，鼻塞流涕，咳嗽，头疼，咽干咽喉痛，舌偏红，苔黄或黄腻等。这个药的主治工能主要是：清瘟解毒，宣肺泄热。值得购买，比药店便宜。说明讲解的也很详细，自己在家就可以按照说明书上的要求服用预防。
j***5,star5,在疫情最严重的11月份买了四盒莲花清瘟胶囊，虽然历尽千辛万苦20天后终于收到货了，心里也感到非常的欣慰，这药在药店根本买不到，网上全部要靠抢，感谢京东大药房，这药可以备着，以后再用，希望永远也出不上，哈哈
岐***臬,star5,不错不错。速度很快很快。京东自营物流有限公司真心不错。速度一流。京东大药房靠谱。就是紧俏的很。很难买到。现在好些了。好买。。。
u***p,star5,现在很容易买到了，但家中还是要常备，连花清瘟大品牌值得信赖，生产日期是近期的，治疗感冒效果很不错，这次选择了在京东大药房上买，疫情当前能买到这么便宜的药，没有涨价，值得赞扬，京东服务体贴又周到
j***9,star5,物流速度很快，棒棒的，包装完好，一下子就到了，家里人对付新冠也终于用上了，感觉很棒吃了一盒家里人好多了，对付新冠还是要这个药，很棒
a***琪,star5,在疫情最紧张的时候没有买到，当时很是着急，但是京东确实是很有担当的公司，在紧要看的还是放出了一批莲花清瘟胶囊给顾客，没想到还是以正常价格买到了，真心不错。不过还好，没有用到?
R***娃,star5,真的很赞耶！产品真的很好，我表示很喜欢，赞??真的超级喜欢，非常支持，质量非常好，与卖家描述的完全一致，非常满意！真的很喜欢，完全超出期望值，发货速度非常快，包装非常仔细、严实，物流公司服务态度很好，运送速度很快，很满意的一次购物
随***我,star5,挺好的，当时疫情之前正好买了，在开始疫情的时候到了，那会价格还不贵，包装也完整，总体很满意，疫情的时候用上了，好评.救命啊
J***0,star5,以岭连花清瘟胶囊收到了，终于抢到了，太难了，真的是不易，以岭药业的连花清瘟胶囊是非常值得信赖的品牌，质量有保障，价格还亲民，，3盒装，24粒/盒，居家必备，有备无患，性价比很高
j***6,star5,给家里买的，物流很快，第二天就送到了，清瘟解毒，宣肺泻热，买来预防新冠病毒的，也可以用于平时的感冒治疗，很管用，以后还会回购的
