https://item.jd.com/100002860826.html,"['京鲜生85#烟台富士苹果 5kg装', '100002860826', '5.74kg', '山东烟台', '富士', '85mm及以上', '国产', '冷藏', '山东']"
用户名,评分,评论
c***a,star5,一直在京东买这个“京鲜生 烟台红富士 一级大果”品牌的苹果，所以买了2箱，物流很快、给力！第二天就送货上门，打开纸箱：包装很精细，严实，每箱上下各10个，苹果特新鲜、果大、均匀、分量足、没有瑕疵及磕碰伤，这个品牌家人都很喜爱吃：一口咬下去很清脆、甜中带点酸，果肉细腻、果汁充足、满口纯正浓郁的苹果清香味，真的是百吃不厌，值得回购！?
l***7,star5,京鲜生 烟台红富士苹果2.5kg起 果径80mm 新鲜水果礼盒已经收到了！多层包装，苹果又大，颜色鲜艳夺目，二无破损！咋二天下单，今天上午快递员即神速送货****好！五星好评！
尧***8,star5,味道不错，现在水分依然很大，刚回来有点酸，冰箱放2天酸甜可口，上下2层每层10个，值得购买。味道不错，现在水分依然很大，刚回来有点酸，冰箱放2天酸甜可口，值得购买。
她***-,star5,这苹果买了好多次了，个头很大，很新鲜，每次和家人分一个。苹果吃起来很脆，口感甜甜的，家里一直没断过苹果?京东的品质还是值得信赖的！！！
-***-,star5,收到货，第一时间拆包装，质量非常好，京东自营商品，完全超出我的期望值，包装严实，上午下单，下午就送过来，快递很棒，总的来说这次是很满意的一次购物
故***_,star5,好吃好吃，这是第2次回购。很喜欢这种味道。吃着不会很油腻。，而且费用日常吃也是可以的。吃饭的话吃我觉得最好。反正很喜欢这个味道，可以尝试一下，比那种算的要好吃，我觉得
新***祝,star5,物美价廉 老人喜欢 可以试试 外包装大气上档次 方便携带 适合囤货 苹果香脆可口 甜酸适口 京东物流一如既往那么强大 建议多买一点
j***3,star5,苹果是非常非常的新鲜啊，水分甜度很足，酸酸甜甜的，入口极好，家里老人小孩子都抢着吃，这次一次买啦三大盒，价格也实惠，性价比高。京东物流也是超级快，一般隔天早上就收到啦。
g***0,star5,品质优良，水汁丰富，新鲜有保证??胸松松的特别可口，一家人都爱吃、常吃，健康水果，日常必备??极少有坏的；保护到位，碰伤也没有????
廉***云,star5,苹果很好，个个都是大果，买了寄回老家的，孩子拿到就吃了一个，说很好吃，很甜，水分很足，会继续回购的！
s***1,star5,很好吃，很脆很甜，很合适，买过好多次了，物美价廉，特别合适。很喜欢吃。老人小孩都喜欢吃。很棒。吃完会继续回购的。量也多。特别棒。
y***0,star5,物流很快，没有坏果。苹果又红又大，脆甜，对于家里一天要吃几个苹果的小朋友来说，真的很优惠。第一次网上购买，很满意，好吃又方便。
袁***小,star5,京东的水果真的太新鲜太合适了，水分充足，味道好，个头也大。包装精美，没有磕磕碰碰，没有坏果。多吃苹果，让身体更健康，补充维生素。
n***0,star5,以前觉得在网上买水果都是很不靠谱的，经常是到手的时候多多少少都会伤到还有的直接烂掉的，所以后面自营的给我很大的信心指数，因为快递小哥一直都细心呵护很少伤到而且脆甜爽口的东西
j***a,star5,12个果子，个头儿不大，很甜，性价比不错。京东快递次日达，买来减肥用的，早上两个苹果，中午酸奶和西红柿，晚上就不吃了，希望达到减肥的效果。吃过很多种苹果，还是富士苹果最好吃。
F***S,star5,京东自营的各种生鲜质量都不错，经常换着购买。这款红富士苹果非常新鲜，脆甜汁多，个头均匀份量足，非常好吃，家人朋友都喜欢，还会购买。京东自营包装很好物流快，活动价格优惠，强烈推荐。支持正品支持京东。
j***4,star5,味道甘甜爽口，嘎嘣嘎嘣脆，非常好吃。包装也很完美，个挺大打仔细看了一下，没有发现什么损坏的地方旦价格实惠。
l***1,star3,"基本没有认真评价过不知道浪费了多少积分这个福利真的不错妥妥每次都写一百多字,这是是第N次买东西了,棒棒棒,好厉害好东西便宜而且质量好物美价廉,买的放厉害心,用的开心感觉都买上瘾了,买买买,根本停不下来,西品种多而且又特别全,划算,方便,而且实惠,包装很好,而且没有任何损坏,会直支持下去的,服务还可以。这是一个好评模板,因为我很懒,不想每个产品都写好评,所以特地模仿位网友写下这个模板,但但是这个产品无论是质量还是外形肯定都是我喜欢的,如果不喜欢的话,收到东西会很生气,然后这个模板就会变成本人喋喋不体的抱怨书,自然不可能撒下这个好评,这里写下,也给各位~一个参考这个物品很棒。"
w***儿,star5,每个都很好！等得值得！包装很很好看。拿两箱送礼了！脆甜！每一个都很脆甜。没有什么酸味。可以带皮吃。自留送人都合适！
j***j,star5,质量挺好，物流也很快，赞！东西很喜欢，质量也很好的，这个价格能买到是真的很划算物流满分?，包装快递满分?，配送员态度满分?，购物让人开心，吃土使我快乐~?????????
t***0,star5,非常非常好，一个就有300克了，我去，很新鲜，虽然这次发货等了挺久，但是都是值得的，下次有活动我还得再买几份，好期待下次活动吧
Y***i,star5,非常不错的一款红富士?苹果啦！宏辉果蔬的这款一直都很稳定，个头属于中大果，均匀，新鲜度特别不错?水份还可以，酸甜可口，稍许粉的口感，是富士苹果的特点，挺适合夏季补充维生素呢！
j***环,star5,京东买的苹果，买了很多次了，价格便宜实惠，口感也很好，甜度很高，老婆孩子都喜欢，还可以延迟送货，比较适合我家这种囤货操作。
麻***速,star5,"苹果非常好, 邻居推荐我买了三件苹果两件梨。 配送速度很快上午下单下午就到了, 到手上还是冰凉的。 包装也很好看,马上开箱查看苹果个头真大,我尝了一个的一半,很新鲜的口感,水分足, 甜脆,果核小。 我推在业主群里他们又拼单买了四件。 确实不错, 价格也很美丽。"
s***0,star5,京生鲜山东烟台红富士苹果（单果190g以上），这批次三箱特新鲜爽甜，个头均匀色泽鲜艳口感爽脆香甜，外包装箱体坚固内包装三层保鲜防护，送礼大方、自用实惠，由于缺货下单后等待二周才收到货，中途催了两次发货，京东售后客服服务挺好的，协助催办送货当天还致电落实物流送达情况，京东物流配送高效快递小哥送货到家。对此次购买的果果十分满意！！！
j***5,star5,包装完好，个头很大，新鲜的果子，做活动购买，价格便宜了很多，性价比超高，真的特别划算，包装也很高端大气上档次，值得购买。
薄***p,star5,好吃 新鲜 性价比高 家人都很喜欢  脆甜可口 发货有点慢 可以忽略 主要是广东的苹果实在是太贵了 网上买很划算 真的非常可以 大家可以快快下单
I***y,star5,收到了，挺好的，物流挺快的，已经第二次购买了，苹果挺好的，无论是生吃还是做粥或者炒菜，非常可口。家人都很喜欢吃，会继续购买，五星好评！
v***n,star5,前面买的都是220的大果，一次一个吃不完，这次学聪明了，买中果，一次吃一个，刚刚好。收到货很新鲜，脆甜脆甜的，必须好评。
j***c,star5,水果比较不错，经常购买，每箱的重量10斤，共购买了3箱，苹果属于一级红富士，试吃的效果？感觉不错，苹果的亮度非常满意，鲜红透亮，与网上图片描述的一样，每年都要购买2-3次，每次购买不低于3箱，刚好赶上618活动，价格特别的优惠，比外面那些实体店便宜了很多，！不错不错不错！
j***M,star5,包装完好，打开包装箱一股苹果香味，很新鲜，颜色正，上下二层大小一样且均匀，没有坏果，皮薄肉厚，汁水多，脆甜脆甜的，口感很好。
j***2,star5,这次是第二次购买了，上次买了吃过感觉不错，苹果大小正好，适合一个人吃，这次卖家很有心，还另外送了两个苹果给我试吃，感谢卖家，物流也很快，晚上下的订单第二天中午就收到了
邱***雯,star5,非常好，个大味甜，出了一些小问题客服也解决了，非常不错，建议大家可以囤点，可以放心冲，送货及时，包装严密，摸了一下温度 好像还是冷链运输的(^.^
踅***昱,star5,苹果还可以吧，不过现在夏天都喜欢吃瓜果类，总体来说还行吧，好评，下次有机会还会再买，一次很不错的购物体验，性价比摆在那里，推荐给好朋友
紫***语,star5,多次购买。618买的，现在才收到。 中果有这么大的，真是物超所值。一箱约23个。连纸箱12斤多。纸箱1.4斤左右。足称。
M***t,star5,京东自营店里的铂金红富士苹果我这次买了3箱，苹果脆脆甜甜好吃，苹果是我家的最爱，吃了对身体好，苹果个头大，没有坏果，快递员送到家很好的，吃好会回购的，值得推荐哦
心***开,star5,虽然付款够很久很久才发货，但是果子真的很不错，对得起这长久的等待！新鲜，打开纸箱有果香味，包装??很好，没有坏果！脆而多汁，酸甜适中，冷藏后口感风味更佳！
j***p,star5,苹果很不错，大小均匀，颜色也很红，味道脆甜，水分充足，整体效果很好，包装也很好看，京东配送也很快，服务态度很好，一直在京东买东西，重来没让我失望过
l***m,star3,看评价说又大又红又脆又甜，刚好之前从市场买的苹果吃完了，觉得好评这么多的苹果味道应该不错，特意买了铂金80mm的，想感受下奢华的品质，结果完全不是那么一回事，拿到的苹果个头不大也就算了，根本算不上香甜多汁好吗！！！不知道是品控问题还是给五星好评的人没吃过好吃的苹果啊！！！！脆倒是还行，但口味有点偏酸，比较失望吧，以后我还是不从网上买苹果了。本来还想买3箱凑个满减，现在看来决定先试一试的想法还是值得庆幸的，下次再试什么东西我会先买最少的数量来试，比如这次的苹果就该先买4个的先尝尝，好吃再买。
曹***5,star5,物流等了几天，不过是真行不错呀，活动的时候购买的，很实惠，关键还好吃，都是脆甜可口的，好吃，送了一箱给婆姐，都说好吃，一天一个，最近天热，都放冰箱冷藏了，
c***1,star5,苹果收到咯，特别喜欢，一收到就迫不及待地打开了，家人也很满意，这次购物体验不错，很不错的，口感味道好极了！！！！！！！！！
j***x,star5,第一次在京东自营买水果，体验不错！虽然618活动量大推迟了发货，但到货了立马发出来了！苹果质量很不错，开箱就闻到很香，个头挺大的，色泽也不错！忍不住立马试吃了，脆甜脆甜的，后悔没多买些！
j***n,star5,这个苹果的味道很不错，买过好几次了。这次一共买了八箱。冰箱里都放满了。够吃好长一段时间她了。苹果很有水分，宝宝很喜欢吃，有的苹果有点小问题，也帮我解决了，京东很赞
七***9,star5,这次在京东上买的苹果比外面便宜还好吃，水分很足，脆脆的，甜甜的，口感真好！一个个大小均匀，中果也够吃了，京东发货速度很快。快递员送货到家。
七***9,star5,苹果脆甜，形状饱满，没有烂果，运输过程完好，没有磕碰，苹果保鲜做的不错，京东发货速度很快，已经买过好几次了，很满意，下次有活动继续购买。
童***本,star5,非常不错，很好吃的一个苹果，一直都是在京东买的这种苹果，宏辉果蔬的味道非常的清脆，但是可能因为时间比较长，偶尔会有些坏果！
j***t,star5,京东商城的忠实粉丝，一直在京东商城购物，物美价廉，物流超快。京鲜生烟台红富士苹果5kg一级大果 ，口感超好，香甜可口，脆脆的，营养丰富，水分足多汁，包装精美，分量足。大品牌值得信赖。活动价果断出手。
l***0,star5,宝贝收到了，和实物描述的一样，每年都必买，首先这家，发货速度很快，物美价廉，值得大家放心购买真的很喜欢，完全超出期望值，发货速度非常快，包装非常仔细、严实，物流公司服务态度很好，运送速度很快，很满意的一次购物。
j***Z,star5,发货快，包装严实，商品质量非常好，比专柜便宜很多，客服服务态度也特别好，好评苹果很不错，大小均匀，颜色也很红，味道脆甜，水分充足，整体效果很好，包装也很好看，京东配送也很快，服务态度很好，一直在京东买东西，重来没让我失望过
A***0,star5,很好的购买平台，质量不错，特别是有品牌的，值得信赖东西很喜欢，质量也很好的，这个价格能买到是真的很划算宝贝物超所值，很喜欢，下次还会来的
j***Z,star5,一次很好的购物体验，服务周到，物流快速，配送也很周到，态度也很好，物有所值啊，果断好评！苹果很不错，大小均匀，颜色也很红，味道脆甜，水分充足，整体效果很好，包装也很好看，京东配送也很快，服务态度很好，一直在京东买东西，重来没让我失望过
w***5,star5,"品相很好，红彤彤以前基本没有认真评价过,不知 浪费了多少京豆。这个真的不错,妥妥每次都写一百多字,这是第N次在JD上买东西了捧捧捧,好厉害好东西便 宜而且质量好,物美价廉买的放心,用的开心,感觉都买,上了,买买买根本停不下来,东西品种多而且有特别全,划算,方便,而且实惠,包装很好,而且没有任何损坏,会一直支持下去,服务还可以。这是一个好评模板,因为懒,不想每个产品都写好评,所以特地.模仿一位网友写下这个模板,但这个产品质 量肯定是喜欢的,如果不喜欢的话,收到东西以后会生气,然后会变,噪噪不体的评价。自然不可能撤下这个好评,这 里写下,也给各位 询友一个参考个这个商品还是值得购买的"
泛***流,star5,这款苹果买了好几次，个头大也新鲜，包装很好  物流超快，苹果口感很脆，口感是 甜甜的   家里人都很喜欢，苹果基本没断过，会继续回购
阳***星,star5,苹果个头很大，味道很好，吃一个就饱了不用吃饭了，家人很喜欢，后悔没多买几件，送朋友送亲属也不错的，后续如果还有活动在继续购买
毛***n,star5,苹果包装完好无损，快递送货及时，收到的苹果也非常好吃，水分足够大，酸甜口味的，孩子也喜欢吃。买来送礼自己吃都行，很满意。
猎***8,star5,他们家苹果非常的好，已经回购第2箱了，特别喜欢他们家的苹果，而且非常大，下次也会回购，可以入手哦。包装也特别的完整，苹果也非常的新鲜。
猎***8,star5,苹果特别好，没有坏的，买了很多，下一次也会继续回购，他们家质量一直都挺好的，快递包装也非常完整，送人也特别合适。可以回购哦。
j***p,star5,苹果收到了，汁水饱满。脆甜双口。京东自营一如既往的快速，方便！每次着急使用什么东西都会毫不犹豫选择京东自营！今日下单，明天就配送！非常方便，高效！商品已经收到，包装很好，完好无损，很实惠，比在商场购买方便多了，还避免了去超市排队，京东自营送货上门，还避免自己提过来，很轻松的一次购物体验。值得信赖，再次入手。
她***-,star5,苹果是多次回购了的，每天吃一个苹果。这个苹果很脆，甜甜的，不是粉苹果也不酸，有些个头真的是超大的，一个人还吃不完??总的来说品质很赞！
晓***3,star5,?宝贝收到了，颜色很好看，！?是我想要的！！下次还会再来！快递很快，质量棒极了，建议购买快递很快，质量棒极了，建议购买
z***o,star5,宝贝收到了，和实物描述的一样，每年都必买，首先这家，发货速度很快，物美价廉，值得大家放心购买哈，产品很不错，质量好，以后还来你家买
吹***风,star5,这个红富士苹果还是挺不错的，个头比较大，果实比较饱满，吃起来味道还是很不错的，品质也比较好。京东送货很快，一天就到了，好评。
e***y,star5,物流很快，没有坏果。苹果又红又大，脆甜，对于家里一天要吃几个苹果的小朋友来说，真的很优惠。网上购买，很满意，好吃又方便，很好！
j***f,star3,味道不错   就是每个都有碰伤  感觉是挑出来的次品
晓***3,star5,苹果收到了打 开箱没有失望 两层一共17个 个大颜值高 切开爆浆流水 咬一口脆甜 而且个头均匀 漂亮 包装严实 吃完还会回购一家老小都爱
D***h,star5,包裝嚴實謹慎，店家和品牌可靠，蘋果完好無損，附帶保護層泡沫以防損壞。老客戶了，水果味道極好，口感特好，新鮮美味，包裝乾淨衛生。價格實惠很划算。物流超級快，服務態度極好，很滿意這一次購物，感謝京東和店家。
j***z,star5,趁着做活动便宜凑单买了一箱，又大又甜，实在是送礼的最佳选择，而且当天下单，第二天上午就送到家门口了，非常快捷实惠方便，信赖京东
自***8,star5,苹果品质很好，酥脆多汁，香甜可口，个头大小正好，也很新鲜，没有烂果和坏果，苹果营养价值很高，每天吃一个对身体非常好，远离疾病。
j***v,star5,京东上买的这个苹果快吃完两箱了才来评价，质量真的没得说，一个字棒，以前也买过好几次每次都没失望过，这次共买了三箱，个大皮薄很甜，而且一个坏果都没有哦！
宝***儿,star5,苹果不错，很满意。这款苹果有点像糖心苹果的感觉，很甜，很脆，不属于那种特别沙的苹果，大家买的时候心里有个数。收到的苹果都很完好，感谢京东快递小哥。
魏***柳,star5,京东物流速度真的是越来越快越来越好了，为京东速度点赞，为京东小哥送货上门点赞?多次购买的一款苹果，其实京东的配货送服给这个商品加分不少。
魏***柳,star5,希望这款商品永远不要下架呀，多多做活动，多多购买，真的是性价比很高，家人都喜欢……京东物流速度真的是越来越快越来越好了，很给力。
魏***柳,star5,真的是无限回购的一款苹果，送家人真的很开心，每次最少买两箱，性价比太高了，味道很不错。希望京东多多做活动呀，这么质优价廉的商品很给力。
c***y,star5,不错，送货很快，价格便宜，保护得很好，水果很新鲜，好吃。京东的水果一直都不错，买了很多次，希望多搞活动，经常买，这里买方便便宜
j***V,star5,活动时入手的，价格很实惠，虽然让我等了比较久才收到货，但收到的苹果还是挺满意的，第一次买这个京鲜生的一级大果，果子真的很大，个头也比较均匀，水分大，口感不错
Y***y,star5,苹果是家中常备水果?，京鲜生烟台红富士?苹果非常好吃，京东自营价格实惠，下单后送货特别方便，质量有保证，水果?个头大，超甜
W***Y,star5,非常好吃，打开看上去非常有卖相，吃起来也是淡淡的甜味和汁水??????，口感刚刚好 我个人非常喜欢，好吃又不贵。
呵***5,star5,冰箱里放的全是苹果，这个苹果买了好几次了。推荐推荐。常年必备。苹果是最优水果。相信京东相信京东自营，每单必赞京东小哥和客服。超赞赞
j***W,star5,这个苹果可以说是非常实惠了，一起买了4箱，到货后仔细看了，没啥磕碰，有问题客服也很快解决了，价格实惠，口感爽脆，会推荐朋友购买。
随***子,star5,多次复购了，这款苹果好吃，刚好6.18有优惠活动，好划算哦，比外面超市买的还好吃，酸味没那么重，水份足，红通通的很新鲜！
j***w,star5,在京东上面买的水果物流很快，苹果收到时包装的很好，箱子外面还有一层塑料膜。箱子打开苹果完好无损，烟台的苹果放心购买果脆汁多大小也合适。
葡***乐,star5,那苹果非常的好吃，我觉得这个苹果又大又圆。因为我买了十几箱，每天都会吃。这个苹果甘甜可口，色泽香润。然后在口中很有嚼劲。我以后会经常购买的。
白***生,star5,烟台红富士苹果果然是名不虚传呀，在京东上购买第二天就到货了，速度很快！收到货后开箱很惊喜，个头又大，尝起来水分多，又很甜，下次还会回购的。
j***r,star5,已经收到货啦！因为是活动买的！便宜好多。这个是朋友介绍来买的。收到货后试喝后真的口感很不错，以后奶源就认定这家啦，可以购买
j***n,star5,从新冠疫情刚开始就在京东自营店买这款苹果，每次都是几箱几箱的买，果子很大，虽然糖分不高，不是太甜，但是很脆，水分也足，是我喜欢的。京东小哥服务态度非常好！
月***_,star5,这个苹果有活动的时候可以买，一天一个苹果，疾病远离我。我家里人不太爱吃苹果，我就煮苹果山楂水，孩子把水都喝了，还会吃里面的苹果，很棒哦
一***_,star5,京鲜生 烟台红富士苹果2.5kg起 果径80mm新鲜水果礼盒已经收到了！多层包装，苹果又大，颜色鲜艳夺目，二无破损！咋二天下单，今天上午快递员即神速送货****好！五星好评！
j***t,star5,送货很快，先赞一个！当天晚上订，第二天这就送到了！一箱子梨分量很足，没有一个损坏的！一口咬下去，慢慢地水份，肉也比较嫩，甜度一般！
我***妈,star5,在京东买了几次这款苹果了，把链接分享给同事，一口气买了7箱，好多人后悔没下手，这么给力的大苹果活动价格相当实惠，妥妥的苹果自由。
j***x,star5,在京东超市购买这一类的新鲜水果是非常划算的，生产的日期非常新鲜，水果都是水灵灵的，一点烂的都没有，无论是送人或者自己家里吃都一样的好
9***见,star5,物流非常快 上午下单 下午到 快递小哥很给力 牛掰。商品包装严实 厚实 每个果都有单独包装 还有上下两层的缓冲泡沫  果子新鲜 咬一口都是汁水 很甜 好评
j***m,star5,经常在京东自营水果店购买水果，主要是因为水果新鲜，快递也非常给力。因为水果在热天很容易在运输过程中发生变化。所以要快点出发快点收到。
冰***凌,star5,很喜欢京东这款红富士铂金大果，每次一买至少都是买两箱，主要是苹果的品质很好，包装也很细心到位，京东快递送货到家门口很方便，希望一直都有货
星***n,star5,苹果包装还不错，早上下单，下午就送到了，京东自营商品，选购方便，发货很快，物流也很快，送货上门，很方便，好吃的话，吃完之后再来买。
贺***8,star5,完美，产品很惊艳，性价比合适，希望用的长久！质量很好，收到货第一时间打开看了，很不错，很满意真的好喜欢，客服态度也挺好的，值！以后有需要还会来买
柒***恰,star5,回购很多次了，收到货，明显感觉是从冷库里刚拿出来的?吃起来有点酸甜。放一阵子，会更加有苹果香，更老一点，更甜一点。蛮喜欢的。
j***J,star5,苹果很新鲜，买来送人的，吃了一个，很脆很甜，汁水很足，果子大小均匀，没有破损，京东购物值得信赖，物流速度很快，服务很好，满意！
只***3,star5,苹果很好吃，端午节买的，忘记晒图了。这次找到历史图片发出来。很脆很甜，味道就是好，山东的苹果。买的很划算，几块钱一斤，买了20斤，
j***1,star5,苹果质量好，个头大小均匀，新鲜，水分足，甜度正好，吃一口，香脆可口，价格比超市便宜，价廉物美，京东快递，送货上门，方便，吃完了再来，很满意。
f***3,star5,非常好，每次都在京东买，快递特别快及时能用上，卖了忘记多少次了，送得挺及时，关键是还好吃，认定了一家后会一直买，值得推荐。
渝***庭,star5,家里没水果了，趁在京东买其他物品之际，搜索了一下，根据销量排名及品牌规格质量的标准，买了一箱礼盒装的山东烟台苹果，商家发货很快，京东物流也快马加鞭，下单第三天就收到了，打开后规格基本符合要求，无一坏果，价格还算公道，满意！
小***巴,star5,京东自营的苹果已经多次购买了。脆脆的，特别好吃。家里人都喜欢吃。价格合适的时候，喜欢囤好几箱放冰箱里。希望京东可以经常打折，搞活动。
小***巴,star5,家里人特别喜欢吃苹果，常年保持苹果不断，京东自营的苹果好吃，有折扣的适合价格也便宜，一次都是买好几箱放冰箱囤着，非常合适。
s***u,star5,苹果收到了，还没有吃，个头很大，很新鲜，看着还不错，吃起来很甜，味道不错，京东物流给力，隔天就到了 价格实惠，下次会回购
淑***3,star5,这个红富士品质挺好的，很大，很新鲜，脆脆甜甜的那种，家人都挺喜欢吃的，京东活动的时候购买的，价格很合适，物流也很方便，送货上门
r***2,star5,反复多次购买的商品了。这个苹果味道不错，果子也很大，吃起来脆脆的，很不错。这次买，等发货挺久的，不过也挺好，刚好可以慢点吃。
x***光,star5,试过几种苹果，但这种苹果却是最大，最让人满意的???。苹果很脆，汁水很多。另外，买水果，选择京东自营的，真很有保障，不仅质量有保障，送货也很快???
J***Y,star5,京东配送，就是好，很快很快就到了，转天就到了，给予大大的好评，这样的苹果我买了很多次了，挺好的，给予大大的好评，下次还会购买。
j***1,star5,个头均匀，颜色鲜艳，这时候还能买到，这样苹果真的很不错，所以买生鲜只来京东，真的货真价实，每天都要吃一个苹果，有活动的时候都会买几箱哈哈
j***k,star5,闻名天下的著名烟台苹果，终于在京东商城买到了。我以前一直以为只有新疆苹果特别甜，很久没有购买烟台苹果，几乎忘记了。此次偶然购买一次，感觉非常好，脆脆的甜甜的，含水量也比较高，满意。
l***1,star5,日期新鲜，包装完好，质量不错，从外观看没有什么问题，不知道苹果味道怎么样，京鲜生烟台红富士苹果5kg一级大果 单果220g以上 新鲜水果礼盒    快递员特别负责任，把这么重的东西搬上楼，真不容易，谢谢快递员。
i***y,star5,商品很满意，物流也很快，买了没有多久就送到了，试过符合要求，快递小哥服务态度很好，值得表扬，后续还会考虑回购，总体感觉很满意
h***7,star5,苹果营养价值很高糖分也不是很高，男女老少都适合，家里长期没有断过苹果，以前买的第三方，品质不稳定，时好时坏，后来就买京东自营了
米***清,star5,包装非常结实，东西保护得很好，值得好评物流速度真的是没话说，就是一个字：快。商品从外包装来看非常高档，真是一分钱一分货，贵有贵的道理
丛***次,star5,苹果不错，非常好吃，个头也很大，分量也很足，我一直在购买价格也很便宜，实惠京东送货，速度也是非常快，非常值得推荐购买支持京东。
j***y,star5,买的苹果很好吃，每天一个苹果对身体也很好。买上一箱苹果吃上半个多月方便实惠，整体质量也很不错。在京东买水果绝对是一个好的选择
快***w,star5,以前都是买的阿克苏，想换个口味，所以买了烟台苹果尝一尝，品相还不错，包装也很走心，味道等尝了再评价吧
j***u,star5,脆脆的，酸甜可口太棒了，物美价廉，两箱很划算，太好吃了，送过来还是冰的捏好吃，全家都爱吃太好了还可以做苹果派脆脆的，酸甜可口太棒了，物美价廉，两箱很划算，太好吃了，送过来还是冰的捏好吃，全家都爱吃太好了还可以做苹果派
X***y,star5,非常吃特别好吃，味道美味，口味好，相当的好吃，价格便宜，口味好，特别的，一定会再买的。非常吃特别好吃，味道美味，口味好，相当的好吃，价格便宜，口味好，特别的，一定会再买的。
m***e,star5,京鲜生鲜第一次买水果，这个京鲜生烟台红富士苹果5kg一级大果，非常新鲜的水果礼盒，?挺大1箱，放冰箱里冷藏了。试了一个，脆甜多汁，非常好吃，下次还会来买！
l***v,star5,价格一分钱一分货啊，水多脆甜，品质很好。孩子喜欢吃，一买了两箱，京东自营送货上门的，非常快速，昨天下单今天就到货了，特别方便。
锦***3,star5,品质特别好，水多果肉脆甜，价格是和超市差不多的，送货上门，很是方便，送货速度也快京东自营昨日下单，今日到货，孩子很喜欢，
白***3,star5,好吃，推荐购买。刚刚又买了三箱，真的很好吃，比烟台苹果差不了多少。每一个都网着呢，并且个头也非常均匀，每天早上吃一个，好吃?
十***笔,star5,买了好几次了，非常满意。在这个季节还能吃到这么好品质的苹果，太难得了！！！还会继续在这家商家复购的，希望继续保持高品质哈！！！
皓***少,star5,非常满意的一次购物，京东购物越来越满意了，水果蔬菜第二天就可以送达，味道也非常的好，没有一个坏果，非常满意的水果以后会持续购买
j***r,star5,包装不错，送礼和自己吃都没问题，主要是一次性买了三盒，今天有时间一起评价了，这种果子大小均匀合适，脆甜，另外京东物流也很快，个人比较喜欢
j***r,star5,苹果这种的水果四季都好吃，个人比较喜欢脆甜的，这款就很好，礼盒装的送人也是一种不错的选择，主要是个头也大，买过很多次了，非常不错
M***1,star5,送货速度非常快，大促期间，送货速度也是可以的。18个大苹果整整齐齐，苹果本身也是能保存一段时间的。价格合适，总体还是比较满意。
j***9,star5,又又又买了两箱这个烟台苹果，姑娘很喜欢吃苹果，上次买的两箱吃了一个月。看有活动就又买两箱，送货很快，不用出去购买，让人特省心！
m***1,star5,送货速度很快～～送货小哥服务态度非常好～～外包装完好无损～～烟台富士苹果很新鲜～～～口感味道很好～～又脆又甜～～～还会回购～～
樱***e,star5,水果很新鲜，没有一个坏的包装很到位，这种盒子送礼都很OK了呢收到就立马切了个来吃，很不错，真正的物美价廉，吃完还会继续回购
z***9,star5,一箱果子没有一个坏果，我每次买的都是大果，真的个个都大。十斤我数了下就18个左右果子，闻着苹果味很香，脆脆，非常不错。！
面***的,star5,苹果的产品包装的很精美，适合送礼我是买给家人的，我家宝宝特别喜欢吃，苹果个头大很饱满很甜，汁水充盈物流也非常快，非常棒
l***g,star5,苹果到手立马打开吃了一个，很大很脆很甜，是我喜欢的口感，活动价格也很划算，已经购买好几次了，以后还会来买的，希望一直保持优良的品质。
惊***墨,star5,很好的山东烟台红富士，个头是160克左右，小巧可爱，用量好掌控，颜色鲜艳，遍体通红，入口爽脆，甜度高，有嚼劲，是我喜欢的口感!一次两箱，属于居家必备的果品，值得购买!
武***铭,star5,烟台苹果，嘎嘎滴，真不错，吃着真香，包装也很精美，没有破损啥的，苹果个头也挺大，味道绝美，京东小哥送货上楼，服务没的说，真不错，吃完复购去
j***M,star5,看特价凑在一起买的，比水果店便宜太多了，水分足，甜度高，非常新鲜，在这个消费降级的大环境下，只能确保花费低，但是东西质量不低了。十分好评
d***5,star5,京东这个店的水果真的是可以闭眼入，每次买的苹果都不会让人失望，果子粒粒都很大，也都很漂亮，口感也很脆，比超市同价格的好很多。
吃***头,star5,非常好吃的一个苹果，苹果个头大，非常甜，果子非常大，比较好的一卷苹果，相对而言还是比较好的一款，京东物流非常好快，值得推荐！
一***象,star5,烟台大苹果就是巴适，很大个很甜，在京东自营店购买便宜划算，服务特别好，送货上门速度快得很，体验巴适，赶快去购买吧，感谢京东，
v***1,star5,京东自营，果然发货超快，晚上下单，第二天中午就送到了。商品包装很好，很结实，很好地保护里面的水果。果子很大饱满多汁，口感香甜，很好吃。
洛***华,star5,这款苹果已经多次回购了。味道非常好。是正宗的红富士苹果。又大又圆。吃起来脆脆的。饱满多姿很甜苹果味儿很足。包装的也非常完好，没有破损。
2***0,star5,京东自营的水果从来没有让人失望，这个苹果家里已经吃完好几箱了。新鲜大个，味道也很好，买的多送货上门简直太方便了，偶尔遇到小问题售后服务也非常到位，总是圆满解决
z***野,star5,快递很快，包装严实，没用破损，很新鲜，拿到手还是凉凉的，应该是一直保鲜的，多次购买了，脆脆甜甜的，整体还不错，有需要下次再来。
凯***8,star5,这个山东烟台大苹果个头好大，吃起来脆脆甜甜的很巴适，口感酥脆多汁，包装很精致，每一个果子都套上泡沫袋预防损坏，遇到京东搞活动就多买了一点囤着慢慢吃
s***3,star5,第二次购买了，给老人家的，老人反馈挺好的！很喜欢吃，苹果很脆，个个大小匀称。但愿能一如既往保证品质，吃完还会回购。快递师傅也负责。?
兔***喵,star5,发货很快，第二天就收到了，苹果?的品质不错，夏天也很脆，口感可以，果汁浓厚，包装很好，防震防摔。个头都很不小，感觉这一款性价比最高。
冰***3,star5,质量非常好，与页面描述的完全一致，收到后很喜欢，完全符合期望值，发货速度非常快，包装非常仔细、严实，京东物流公司服务态度很好，运送速度很快，很满意的一次购物。希望更多的朋友信赖京东。客服态度特好，会再次光顾的。
h***7,star5,给公司买来当下午茶的，目前感觉还是可以的，不错，京东送货也是很快很快的！下次有需要还会继续买买买的，非常非常满意！！！好吃
h***7,star5,给公司买来吃一下的，目前感觉还是可以的，不错，京东送货也是很快很快的！下次有需要还会继续买买买的，非常非常满意！！！满意
兔***喵,star5,发货很快，第二天就送到了。苹果粉红色的，口感生脆多汁，非常好，品质有保证。分量应该是足够的，每个个儿都不小，比较均匀。
赵***3,star5,这个苹果经常回购的，品质有保证，冬天的时候买和夏天买都很好吃，基本每一个都是脆甜的口感，每天吃一个苹果对身体健康有益，大家放心入手
j***P,star5,京鲜生的水果购买了很多很多次了，总体来看都还很不错。这次的8枚苹果也挺好的，个个都很新鲜，没什么问题，味道也很好，会再购买的。
螃***嘞,star5,苹果质量很好，有活动买了一箱，真的太划算了，有好吃，有好看，有性价比很高，真的很不错，想买的快买啊，真的非常好吃的哦哦。
唠***e,star5,京东送货快，上午下单，徬晚就收到了。包装完好，没有坏果。苹果的个头比较大，俩人吃一个合适，大小比较均匀，甜度适中，新鲜十足，整体很不错。
阳***-,star5,一起买了四箱，价格还不错！很好吃！是脆脆的那种！挺新鲜的！大小比较均匀！喜欢的可以买来试试！一起买了四箱，价格还不错！很好吃！是脆脆的那种！挺新鲜的！大小比较均匀！喜欢的可以买来试试！
请***风,star5,一直在京东购买东西，大到家电上千小到几块的东西，速度很快，包装也好，起码都不会坏箱子，一般都是第二天到达，很方便，点赞。一直在京东购买东西，大到家电上千小到几块的东西，速度很快，包装也好，起码都不会坏箱子，一般都是第二天到达，很方便，点赞
我***膀,star5,苹果质量很好，在京东买很方便，送货很快，非常划算，个头大小很匀称，每天一个非常好吃，比超市买方便多了，也比超市划算多了，很满意。
j***6,star5,京鲜生这个烟台红富士苹果，包装很好，大小均匀，一箱五斤左右，有十来个，味道还行。京东快递很给力，昨晚下单的，今天上午就送到了。
D***y,star3,苹果很新鲜，就是不好吃
君***早,star5,一往的好，买过多次，品质一直不错。冷链送货，口感很好，大小基本一致，没有坏的烂的，京东送货还是很有保证的。天气太热，要多吃水果蔬菜。
楚***S,star5,这个口感这个苹果口感真的是很不错，物美价廉现在做活动买了很多箱，每天干掉好几个小朋友很喜欢京东购物，方便快捷快递小哥，你们辛苦啦
楚***S,star5,这个烟台苹果真是买疯了呀，小群里的人也买给亲戚也买，大家都挺喜欢吃的，性价比很高，小朋友也喜欢吃物超所值的购物，方便快捷会继续支持的
c***p,star5,一直买京东自营这款苹果，味道很好，酸酸甜甜，价格实惠，颜值高，是回购产品，家人老人孩子都喜欢这款苹果，物流小哥也很速度～～～～
一***刀,star5,水分很足，感觉很解渴水分好买的颜值高肉厚，汁多丰富，色泽诱人好吃多汁个饱满，果核很小平常做水果沙拉也不错。果皮很薄，水分特别的足很甜果肉特别的多果子很新鲜吃起来味道真的棒咬下去清脆可口清水洗一下就可以直接吃啦
一***刀,star5,水分很足，非常好吃，感觉很解渴水分好买的颜值高肉厚，汁多丰富，色泽诱人好吃多汁个饱满，果核很小平常做水果沙拉也不错。果皮很薄，水分特别的足很甜果肉特别的多果子很新鲜吃起来味道真的棒咬下去清脆可口清水洗一下就可以直接吃啦
欢***5,star5,家里小朋友就喜欢吃苹果，从京东买了两箱，放在冰箱里冷藏起来，最近才吃完，这个苹果又大又甜，特别好吃，吃起来甜甜脆脆的，近期价格不美丽，不然再来两箱
碟***天,star5,买的苹果隔天就到了，京东的物流非常给力。苹果的质量也是没得说，非常的赞。搞活动的时候买的，价格也是很实惠了，红富士苹果非常好吃，水分足，肉质细腻。每天都吃苹果已经坚持很久了，还会继续回购的！
l***a,star5,家里水果基本上都是在京东自营买的，京东自营送货上门，非常方便。不过说实话水果是分季节的，这个时候的苹果放几天就不太好吃了。
j***u,star5,棒棒哒苹果，好吃的苹果，美美的苹果真的是很不错 ，本人超级喜欢，再次感谢店家让我拍到了物美价廉的东西 我会一直关注你们家的产品哦。已经向身边的朋友多次推荐过你们家的产品了哦。我再来购买的时候希望店家多多给我便宜些哟，呵呵，好的产品是非常值得推荐的，超好用！稳稳的！满分
j***飞,star5,我买的是一级大果，五星好评，还会无限次回购的，感谢京东隔日达，到家的时候苹果还是凉凉的，显然是从冷库里取出来的新鲜果子，保存的非常不错，苹果味道不错，光泽诱人，一直买这款苹果，相信我的推荐没有错，绝对不能让您失望，再次给出五星好评，持续回购！
I***7,star5,个头很大，只烂了一半而已，很满意，儿子老婆都喜欢吃，推荐大家购买，红润水分多，很有饱腹感搭配黄瓜享用会更加美味，推荐大家购买
q***9,star5,东西比我想象中的还要完美，十分给力，很新鲜，一个坏果都没有，值得入手，包装非常结实，东西保护得很好，值得好评东西很满意哦，美观时尚大气，客服超级有耐心，服务细致贴心，大品牌就是不一样
猪***汪,star5,面对重重压力我坚持要买，我相信这个月工资不白花，水果及时收到了，打开包裹的一瞬间，这颜值这口感太棒了，包装也很用心，一如既往的好评
一***萍,star5,一如既往的好，商家还是很用心，包装的扎扎实实，快递物流也是麻利如常，宝贝本身是最值得称赞，是我心中期待的样子颜色也是大气十足，没有比收到自己满意的宝贝在让人能如此喜悦了。总体来说一如既往的让人称心如意，满满的感动，赞一个
白***尽,star5,给单位购买，一直在京东上购买，非常好用，价格公道，品质有保证，快递也很给力，快递员服务到位，不耽误使用，购物体验非常不错。
x***i,star5,苹果不错，很新鲜，刚买回来里面还有水，苹果根部看着像刚摘下来的。包装很好，没个外面都套上了泡沫，没有破损。个头均匀，超赞。
无***0,star5,苹果质量挺不错。基本上都是甜的脆的。京东上买在家买的比较多。12个果子，个头儿不大，很甜，性价比不错。京东快递次日达，买来减肥用的，早上两个苹果，中午酸奶和西红柿，晚上就不吃了，希望达到减肥的效果。吃过很多种苹果，还是富士苹果最好吃。
l***o,star5,两个宝宝特别爱吃苹果。京东物流特别给力，不仅快，而且准时，一般都是隔天到，早上下单还可以当天到，有急需都是京东购买，普通快递是比不了的。
赚***贤,star5,京东自营的山东红富士苹果非常的棒，苹果的块头比较大，口感也是清甜爽口比较新鲜，家里面一直长期购买，能够补充维生素，京东物流快捷高效，值得推荐点赞点
v***5,star5,已经回购好多次了，正宗的山东红富士苹果，个大且均匀，每个都很红，自然熟，不是那种放熟的。咬一口，脆脆的，甜甜的，很好吃。
s***3,star5,京鲜生烟台红富士苹果5kg一级大果 苹果不错，个头匀称，一箱两层，苹果很脆，买给老人家吃的，很满意，京东快递也很快。吃完会回购
o***9,star5,多吃苹果总是没坏处的。这个苹果反复买了很多次。个头大小差不差，还比较脆甜，果汁也很多。京东速度真不错，当天回下单当天就可以收到。
C***0,star5,|10斤装甄选 一级铂金大果味道不错， 现在水分依然很大， 刚回来有点酸， 冰箱放2天酸甜可口， 上下2层每层10个， 值得购买。味道不错， 现在水分依然很大，刚回来有点酸， 冰箱放2天酸甜可口，值得购买。
j***e,star5,常买这款苹果，家里人特别喜欢吃，个头大，味道甜，份量足，连盒大于十斤。京东物流速度快，包装好，下雨天也没用破损淋湿，总体很满意。
j***a,star5,苹果是好吃的，京东生鲜永远可以不用怀疑，极速达真的很不错，基本上最慢到明天上午就能送达，苹果味道很甜，以前也买过是第三次回购
b***2,star5,无限回购的一款苹果，味道相当的不错，水分很足，又很清甜，非常新鲜，我妈妈每次都要夸我买的好。会继续回购！希望品质一直保持哦！
A***风,star5,东西很不错，对比了很多家，最后下定决心买这家的，终于等到有活动，终于下手了，到货包装挺好挺完整的，性价比挺高的，需要的亲可以放心购买。
奪***8,star5,这件苹果真心不错，买的很实惠，很划算，值得购买，以后需要还会继续购买的，苹果香甜可口，水分充足，甜味足，苹果味道好，非常棒。感谢京东提供这么好的水果，以后需要还会继续购买的，超级赞！
b***a,star5,京东618的时候购买，真的是特别合适。这个时候水果店的苹果已经不新鲜，水份也不足了，但是京鲜生的还是非常好。最重要的是可以送到家啊。
k***0,star5,苹果很甜，水份很足，好吃，给同事每人一个，一半下去了，品尝了都说很好吃，快递很快，第二天就到了，夏**肥必备果品，下次再来！
木***9,star5,经常在自营买水果，经济、便宜、质量非常好，非常满意，划算，购物比实体店便宜多了，非常满意网上购物。它真的很好，而且价格也很实惠，所以以后还会在这里买。
蓝***静,star5,京东自营的苹果还是一如既往的好，回购多次了。不得不赞，质量真的好，包装物流也不错。真心喜欢，入手后不会让你后悔的！
十***笔,star5,这个季节还能吃到这么好的苹果，真是难得，爱了爱了。这个季节还能吃的这么好的苹果，真是难得爱了爱了。这个苹果真的是太脆了，很好吃，水份也很多。
l***0,star5,非常好的大苹果，新鲜水果，包装很不错，没有坏果，应该是冷藏的水果，打开有湿气，送礼佳品，包装盒红红火火的挺喜庆，第一次在京东商城买水果，满意好评！
d***9,star5,这家苹果真不错，很好吃，朋友都说好。差不多有5斤，总共有12个中果大小，有营养味道好，而且价格比实体店优惠很多，非常值得购买和回购。
仰***少,star5,苹果个头虽小，但是非常香甜可口，很好吃。颜色红氲，色泽红润，光泽饱满，包装也很周到，箱子内的苹果都用粉红色的网套包裹，防潮
j***d,star5,已经是回购了，非常划算，非常实惠，配送也快，包装完整，没有一点破损，非常赞?已经是回购了，非常划算，非常实惠，配送也快，包装完整，没有一点破损，非常赞?
j***0,star5,都说中国山东烟台的红富士苹果好吃。这次买来试了一下  确实是非常的好吃。不仅脆甜而且还非常的多汁。等吃完了还会再来回购的。
j***0,star5,苹果已经收到了。到家就迫不及待的尝了尝。味道是非常的好吃。不仅脆甜 而且还非常的多汁。真是不亏是我们中国苹果的名牌产品。还会回来回购的。
