https://item.jd.com/100035718848.html,"['海尔BCD-335WLHFD9DS9', '100035718848', '83.0kg', '中国大陆', '一级能效', '变频', '180.1-190cm', 'PCM彩涂板', '风冷', '60-65cm', '300-349L', '多门', '银灰系', '独立式', '电脑控温', '65.1-70cm']"
用户名,评分,评论
j***y,star5,外形外观：白色简洁大方，底部散热，不用预留多余的空间，很适合小户型；容量大小：很喜欢这种大容量，可以囤一星期的食物。制冷效果：制冷很快，喜欢珍品区的储存
n***e,star5,看中了法式结构，之前的冰箱是双开门的，看着容量大，其实装的不多，法式结构就好多了，而且这款超薄，正好能放进厨房内嵌，简直完美
施***妞,star5,颜值界的天花板，这也太好看了吧，很喜欢。冰箱底部自带轮子，刚买的滑轮可以退了，哈哈。上边柜门正好比我厨房台面高些，正好可以打开到他的最大程度，抽屉加了阻尼，可以自己关上
j***E,star5,尺寸非常合适，颜值巅峰，内部空间特别大，特别能装，使用起来很静音，一级能耗，保鲜效果特不错，一次非常满意的购物体验
采***红,star5,冰箱不错，空间很大，一家三口足够用了，大品牌值得信赖，有需要会推荐给朋友的呢外形外观：外环很漂亮制冷效果：制冷不错啊，效果好保鲜效果：保鲜不错蔬菜不会坏容量大小：容量410升很大了
j***o,star5,冰箱下单第二天就送到了！东西不错，性价比很高！我购买这款是不带温度显示的，系统默认，可通过手机下载app进行温度调整。外观质感还是不错的！
陈***丶,star5,冰箱下面冷冻绝对够大，能放好多大桶的八喜和许多冰淇淋了，中间可以放速冻食品，早餐和夜宵都能对付下。容量比原来三门多的将近翻倍，颜值家人也很喜欢，相比黑色而言
w***e,star5,相信品牌的力量，冰籍没看别的牌子，就从海尔里选。颜值不错，就是冷冻室有点小，没办法，零嵌的款式不多。推进冰箱柜里，门其实不能完全打开，但应该不影响使用。
j***s,star5,外形外观：非常好看，就是那种一眼看到就像摸一摸的感觉制冷效果：这个还没用，我们家在装修末期了，我选择了推迟一个多月送来，然后又隔了几天拆包装容量大小：容量很大，我妈说我人不多买那么大冰箱干什么。真是要夸一下物流送货到门，第一次给我打电话我真没时间就改了时间送，后来送还让师傅等了一会，那么热的天师傅一点也不烦躁，真是赞
j***y,star5,冰箱非常好，颜色漂亮，非常有质感，0嵌很节省空间，非常推荐外形外观：这个颜色非常漂亮有质感制冷效果：非常棒，冰箱功能按键用起来也很舒服保鲜效果：非常好，相信海尔品牌容量大小：非常够用
s***3,star5,这个冰箱满足了我们的需求，家里新添了人口，生怕到时候不够用，也很怕冰箱串味之类的，打开冰箱的一刻确实非常惊艳，面板灵感来源于水墨画，纹理行云流水，层次分明。而且还是底部前置散热，两侧不需要预留散热空间，这款冰箱的全空间保鲜功能非常好，湿区存放蔬菜水果，而且还能存放母乳，减少营养流失，冷冻还有智能恒温技术，食材营养不流失，搭配海尔的高端epp全空间超净技术，食材更健康。
阿***5,star5,白色真的美炸了，心心念念的冰箱到手了，颜值很高，外观超喜欢。跟我的的装修风格非常合适。设计非常合理，里面布局结构利用率很高，容量大小合适，静音功效特好，制冷效果非常好。
L***r,star5,发货很快，包装的很好，价格也特别实惠，制冷效果好，运营静音。因为位置限制，厂家还提供免费上门拆门安装服务，值得购买。很好看，制作工艺很精美，材质也很好！给个赞！
j***o,star5,外形外观：面板灰色，耐看耐脏，超薄制冷效果：非常好，温度稳定保鲜效果：水果放几天都没问题容量大小：501升足够用啦
安***也,star5,618急急忙忙做了功课选了501，没让我失望，很nice，颜色大气，质量也不错，家里人都很喜欢。外形外观：颜色好看容量大小：容量挺大的客服也超级好，当时吊顶没有让师傅拆，过后又帮我预约师傅上门拆箱，简直了，满分
聆***耳,star5,冰箱收到使用了，确实是性价比很高，全空间保鲜和EPP净味都有，已经塞得满满**的，打开冰箱还是没闻到什么异味，家里人都说这个冰箱看起来很高级，冷冻空间也很大，完全足够用。
j***j,star3,返豆是假的，10月份买的，返豆一直没到
Y***_,star5,法式冰箱，一直想拥有的法式冰箱，看了好久，都是灰色蓝色的，白色的都很小，正好赶上海尔新出的这款白色的法式冰箱，虽然比同样容量的其他冰箱贵一点，使用起来很方便顺手
许***o,star5,冰箱收到了，制冷效果很好，已经使用了一段时间了，使用起来很好，容量也很大，可以放很多东西，保鲜效果也很好，饮料放进去冰冰凉凉的。
M***Q,star5,灰色的面板配有浅色花纹，美观。501冰箱可以容纳很多东西，隔板可以调节的，制冷效果很好，特意选择这种法式开门，尺寸正好，空间大。
m***9,star5,外形外观：外观很漂亮，很高大上，就喜欢白色的，所以种草很久了，这次终于等到活动，价格很合适，快速下手；制冷效果：制冷效果很好，分区制冷很不错，保鲜效果：保鲜效果也很不错，分区储藏容量大小：460升的容量一家4口很充裕。
w***4,star5,外形外观：磨砂质感，蓝灰色很好看制冷效果：3区调温，app里就能看到冰箱温度，温度稳定容量大小：501升，水果蔬菜全都放进去了保鲜效果：海尔全空间保鲜，业内顶级
u***f,star5,超级喜欢这款冰箱，容量很大，上下分区保鲜冷冻都够用了，外观也特别大气上档次！据说还有净化功能，有专利技术！618活动特别给力！价格也便宜了好多！好评！
j***4,star5,容量很大抗菌保鲜效果带 epp 除菌功能，应该是最好的除菌效果海尔大品牌值得信赖，法式比十字容量更大点，有母婴分区，不会串味儿，外观是磨砂的手感，更有质感，高性价比，可入。
夏***呢,star5,外形外观：颜色好看，颜值很高制冷效果：分区保鲜功能方便实用容量大小：容量大，满足囤货需求很满意，朋友看了想换冰箱?
j***k,star5,声音静音，冰箱外观颜值简约大方。一级能耗非常省电，海尔冰箱老品牌，值得信赖，超薄前置散热不错，容量够大，非常满意
R***f,star5,特地试用了个把星期，才来评价的，我之前很看中全空间保鲜，确实是很给力，蔬菜水果还是很新鲜，大品牌质量还是值得信赖，EPP超净，杀菌净味还是蛮实用的，基本无异味，冷冻室也比较快，恒温也省电，空间足够三口之家个把星期不采购了，超薄也节省空间，性价比很高。
j***u,star5,外形外观：外观很不错，嵌入式，也很时尚很大起制冷效果：制冷也很好，但是还没开始用保鲜效果：听说保险很不错的，有多种保鲜模式可以选容量大小：容量应该是500多l的，足够用了
巧***V,star5,使用了几天来评价了，第一次使用海尔冰箱，果然品质优良，外观、尺寸、功能一切符合要求。外形外观：国潮墨韵外观非常有格调，不会留指纹，走进即感的呼吸灯非常有科技感。双轴铰链设计开门不受边墙影响，这个也很赞。制冷效果：制冷效果好，压缩机安静，底部前置散热的设计合理。保鲜效果：特意放了一把蔬菜几天后依然新鲜，买它就是冲着全空间保鲜和超净系统来的。容量大小：501L很能装，特别喜欢抽屉式的冷冻区，鸡鸭鹅可以整只放入，家乡寄来的生鲜再也不怕放不下了。
j***c,star5,已经用了一段时间，很好用，空间大，抽屉柜好拿取，冷藏区也够大，可以自己调节高度，很能放，保鲜效果好，冰箱运行时的声音也不大。
k***l,star5,海尔品质，一如既往精致。面板材质很亮眼，质感很好。冻室抽屉采用钢质滑轨，稳固，顺滑。内部功能分区周全，实用，保鲜区有海尔独到的HCS膜。前底部散热，对嵌入安置十分友好。噪声非常小。实用超值。
时***5,star5,用了一段时间才来评价，冰箱颜值很高，面板摸起来手感不错，也好清理，最满意的是静音效果非常好，APP控制也很方便
s***e,star5,这款海尔冰箱暗墨蓝色调显着高级还大气，全开抽屉式格局，拿取食物都很方便，容量 3.4个人用都没问题，冷藏区还自带了冷萃壶，这点很喜欢，我本来夏天很爱喝冰饮，有这个实现冰饮自由！！
弥***华,star5,这家店是京东自营的，配送速度很快，师傅也很好，因为冰箱坏了所以急用，买的第二天一早就送过来了，现在用着感觉很不错，空间大，制冷效果也挺好的。
j***f,star5,厨房空间太小，冰箱就放阳台了，质感很好，618购买，性价比很高，顶配杀菌，全空间保鲜，加零嵌为一身，外观也不错，不留指纹，值得购买。
j***B,star5,非常好看的颜色  外观精致     空间容量大   试了一下制冷效果也很好   噪音还特别小 不会觉得吵  值得推荐
B***a,star5,冰箱好看又好用，刚插上电，完全静音，尺寸也完美嵌入，门打开的幅度也够大，冲着造型和海尔的品牌及售后，选择了这款，非常喜欢?，没有让我失望，总之入手绝对不亏
x***6,star5,外观很大气，看着很上档次，法式抽屉太实用了，冷藏室门上的感应灯和冷冻抽屉里的灯，这些小设计太实用了。
辉***4,star5,第一次买海尔的电器，知道海尔是大品牌，在家电市场份额非常大，所以选了海尔这个品牌，感觉内部空间确实非常大，以前冰箱太小了，放一点东西就很拥挤，现在这个空间是以前的两倍，大容量挺好的，我家里买东西就方便储存了，目前用起来不错，不知道后期怎么样。
M***g,star3,还未使用，但是柜门开关时磕碰，等售后处理，品控还需要加强
零***九,star5,外形外观：白色干净整洁制冷效果：很快，一会就冻保鲜效果：保保鲜时间还行，还带净味系统容量大小：大小刚好放厨房
面***仁,star5,冰箱外观颜值很好，实际运行起来很安静，可以贴墙放节省空间，制冷也很优秀，省电。注意计算摆放空间距离的时候，房屋踢脚线也是有厚度的。贴一侧墙放的时候一侧门实际打开实际会受影响。放进入橱柜中间就不会有这种问题，请受房屋空间制约购买此款冰箱的小伙伴注意这点情况。
抗***反,star5,618活动期间订的冰箱终于到了，送货师傅很负责，送到家里。冰箱包装非常严实，没有一点磕碰，拆完包装就插上电了，感觉很用料很实在，外观设计也很好。使用时间有限，现在还不太清楚具体功能，不过海尔的品质一直在线，希望能用的省心。
j***k,star5,很不错，容量刚好，漂亮大气，制冷效果好，快，不太容易串味儿！！！分层使用很合适外形外观：漂亮大气制冷效果：好，快保鲜效果：保鲜时间久，保持新鲜度高容量大小：小家庭使用刚刚好
j***n,star5,精挑细选最终确定的海尔法式四门冰箱，实物非常满意，大小刚刚合适，外观挺气派的，里面的分区设计也比较合理，刚搬了新家，冷冻区还没有放很多东西，但看起来还是很能装的，放在厨房基本听不到声音，积攒多年的冰箱贴终于有容身之地了。说个小缺点，送货员没有主动拆箱放到位，我们以为需要另外约师傅上门安装，咨询客服后才知道冰箱没有安装服务，最后是自己搞定的。总体满意。
j***W,star5,海尔501冰箱真的跟家里面预留尺寸完美契合，也主要是得益于冰箱的超薄嵌入式尺寸、外加底部散热的各种特性加持。冰箱颜色也很质感，门和抽屉开关也十分顺畅。冰箱的做工也很好，打开冰箱试机，冷冻和冷藏速度也很快，而且海尔的EPP除菌净味技术真的好用，完全没有串味。
j***H,star5,使用了一段时间才来评价，冰箱质量非常好，保鲜效果也很好。容量大，白色的外观很大气简洁，大小正好保鲜效果：很棒容量大小：正合适外形外观：美观
欧***滋,star5,618看了好多型号，最终选择这个。制冷效果：太棒了外形外观：很棒，全搭配。保鲜效果：很好。容量大小：容量很大。
x***a,star5,冰箱外形外观：样子可以，两个大抽屉能装制冷效果：很不错保鲜效果：很不错容量大小：一家三口够用了
r***7,star5,挺简约的大冰箱，功能齐全，白色很适合我家比较暗的厨房。声音挺小的，不注意听可以忽略。底部有滚轮，很适合后期维护保养。零嵌解决了空间不足的问题，正好卡进位置，赞！
u***z,star5,冰箱收到货，款式很漂亮。家里是白色风格，就想选白色冰箱，一眼相中，果断下单。接上电源测试了一下制冷效果还挺好。
j***m,star5,这款冰箱外观看起来非常的高端大气上档次，是一个品味之选。集功能性与美观性、实用性于一身，价格合适，使用方便，服务专业，售后很好，值得购买！
j***1,star5,尺寸刚好外观也比较时尚制冷效果：制冷效果很好，温度调节比较准确保鲜效果：保鲜效果不错，不容易串味容量大小：容量大，终于不担心放不下东西了外形外观：外观很时尚美观，分区合理
e***g,star5,父母家的冰箱服役很多年了，还会结霜，趁着618大促给换台冰箱。首先大品牌海尔～空间大，颜值高，省电，还有净化技术，非常大气上档次，老人很满意～
C***a,star5,心心念念的冰箱，对比选了好久，喜欢这个颜色，冰箱门也能磁吸，终于可以贴上我爱的冰箱贴了，空间超级大，内部也能装，很喜欢，
可***Z,star5,外形外观：白色法式高端设计国际范十足，完美的契合了装修风格制冷效果：制冷效果很不错，水果蔬菜保持良好保鲜效果：水果蔬菜肉类放了很久像新买的一样强烈推荐保鲜容量大小：460升大体积大容量，一级能效很省电，符合家居完美生活需求
w***7,star5,冰箱的容量很大，可以放很多食物，不用担心空问不够。而且冰箱的门体设计很合理，可以方便地取放东西，不用弯腰或者伸手太深。冰箱的保鲜效果很好。食物可以保持新鲜和营养，不会有霜层或者异味。我可以放心地储存各种生鲜食材，不用担心变质或書失味，冰箱的温度控制很灵活，可以根据不同的食物需求，调节不同的温度区问。我可以把肉类放在冷冻室，水果蔬菜放在冷藏室，饮料零食放在变温抽屉，每种食物都有最适合的储藏环境。冰箱的节能性能很好，压缩机是变频的，可以根据冰箱内部的溫度变化，自动调节运行速度和功率。这样可以节台电力，总之这是一款性价比很高的多门冰箱。
西***牛,star5,选了很久的冰箱 只有这款在满足我1.8米高度的情况下有大空间 还有最新的保鲜技术 食材都很新鲜 也不串味 非常满意?
x***7,star5,质量很好，送货及时，安装简单，使用了一段时间，没有出现任何问题。冷藏室隔断多，可以分类摆放，空间很大，能满足需要。冷冻室也很好，能存放很多食物。外观简单、大方，有品位。
小***号,star5,冰箱非常高端大气上档次，制冷效果非常好，非常安静。送货师傅专业负责，预约的时间晚上9点多还是送到了，一直帮忙摆到位置才走！！真的感谢！！
j***x,star5,货收到了，推进了柜子里，很完美，本来怕尺寸做的有出入，很好的完美的进出了。也是我喜欢的类型。买冰箱首选海尔，用的放心。
叶***8,star3,整体外观不错，抽屉式好用，但是右门明显吸力不够，害怕关不严
大***虫,star5,外观大气上档次。内部容量也大。测量了一下尺寸，很精准，门也完全可以达到零嵌 不留边距开门的效果（当然还是要留一点空间才能有下手的地方把冰箱拿出来）
小***暖,star5,海尔冰箱果真不错，样子漂亮，尺寸合适，声音很小，制冷保鲜效果也不错，冷藏冷冻空间都很大，用了快一个月了，总体很满意！！！
茂***e,star5,上一个冰箱也是海尔，这次又购买海尔，海尔大品牌值得信赖，奶白色非常好看，制冷效果杠杠的，保鲜效果也非常好，还可以用手机控制，虽然期间有点小插曲，但都完美的解决了，后面会继续评论
u***h,star5,冰箱收到啦，外观很赞，是我喜欢的颜色。容量大，足够一周储备了。大抽屉更是我的最爱呀，娃的水饺有着落了。全空间EPP保鲜，以后蔬果再也不用担心啦。
I***i,star5,冰箱整体都很好，用了一段时间，几乎没有噪音，空间大，得放东西，温度调节也方便，操作简单，小冰箱换成现在这个真是感觉大了很多，尺寸量好，可以镶嵌到预留位置，前面散热，价格也合适，性价比高
c***y,star5,完美解决了小空间的问题，比以前的老冰箱多了一倍的空间。物流也很辛苦，六楼没有电梯，全靠两个人人力搬运。
阡***安,star5,618活动买的冰箱，很划算，全空间保鲜，分了好几个区，喜欢这种法式的，下面抽屉的挺实用，分层也很合理，跟屋内尺寸也比较合适，
j***h,star5,终于换成大冰箱了感觉生活都变容易了。不用绞尽脑汁安排冰箱怎么塞了。法式开门用起来很方便。颜色也比较大气。目前为止十分满意。
f***i,star5,外形外观：外观非常的大气，颜色也耐脏耐看。制冷效果：制冷效果非常好，我们很满意。保鲜效果：全空间保鲜的，当时和460的选择了很久。最后选择了这款带全空间保鲜的。容量大小：466升也够用。
f***i,star5,嵌入式的尺寸刚刚好。保鲜效果：保鲜效果很棒，已经使用了好几天了，果蔬都很新鲜。容量大小：460升的容量刚好。一家使用起来正好足够。制冷效果：这种效果很棒很凉，夏天可以放很多东西。外形外观：外观白色的，非常大气美观。
N***W,star5,海尔冰箱是我家的首选！它不仅外观时尚，还具有出色的冷冻和保鲜功能。冰箱内部空间敞，可以轻松容纳各种食物和饮料。同时，它的节能性能也非常出色，能够帮助我们降低电成本。操作简单方便，智能化的控制面板让我轻松调整温度和模式。总之，海尔冰箱是款性能卓越、实用可靠的家电产品，我强烈推荐给大家！
j***x,star5,外形外观：外观漂亮大气黑色特别好看非常喜欢制冷效果：制冷效果也不错 特别喜欢 非常好保鲜效果：保鲜效果有专利这个没得说很厉害 非常强容量大小：容量也挺大的 设立的很合理非常好
晃***点,star5,618抢的冰箱，配送迅速，冰箱外观大气上档次，空间大容量大，两侧门稍有不齐，售后也及时给出了处理办法，点赞。
m***9,star5,海尔冰箱在外观设计上具有高端大气上档次的感觉，控制面板数据的显示很有科技感。在功能上，海尔冰箱具有珠光玻璃面板，制冷速度快且效果好。变温室可以在-9℃到10℃之间自行调节，保鲜、冷冻、软冷冻、存干货等功能也样样都可以。此外，海尔冰箱还支持无线网络远程控制，使用手机操作非常方便。在节能和静音方面也有出色的表现，基本上没有声音。在内部设计上，照明灯的亮度好，色调好，而且具有除味功能。同时，冰箱采用风冷无霜变频技术，制冷快，噪音小，节能省电。
盲***士,star5,618囤货的，柜子是按冰箱尺寸设计的，整体非常不错面板是我喜欢的样子，没有选白色因为怕家里出现五彩缤纷的白，非常喜欢
j***k,star5,说起冰箱，海尔就是首选，品牌历史悠久，技术过硬，产品外形硬朗，客户口碑也很好，这次选的法式四门，容量大，开关也很顺滑，适合小家庭使用
j***6,star5,现在网上买冰箱是一如既往的支持海尔，原件那个海尔用了16年了，新冰箱静置24小时开机，声音很小，制冷很快，外观很漂亮
j***7,star5,冰箱很漂亮，面板质感很好，还有小灯带。背面电线是在靠上位置。做零嵌的同学可以考虑在冰箱上面的格子预留插座。
t***e,star5,海尔品牌的双开门冰箱令人惊艳！外观简洁大气，不仅美观耐看，而且采用高品质材料制作，给人一种高档感。冰箱内部空间设计合理，多层分隔架可以轻松存放各种食材，易于整理和取用。保鲜性能方面，冰箱配备了先进的保鲜技术，食物能够保持新鲜和营养更久时间。此外，冷藏区和冷冻区有独立控温功能，能够自由调节不同食材的保存温度，非常贴心。操作简便，清洁方便，省时省力。海尔双开门冰箱的品质可靠，为家庭带来了便捷和舒适！
D***i,star5,到货后师傅就帮我试了一次，非常满意，暂时不用先不通电，尺寸也是严丝合缝，非常完美！大促活动期间购买价格美丽，看中的小伙伴快下单哦！
j***j,star5,容量大小：阔气颜色白色哑光漂亮，内部布局合理，无噪音，保鲜区多功能保鲜，冷冻区两个大抽屉，方便整区整放，有冻饺子的大盘子 ，太喜欢了 。
j***3,star5,冰箱外观非常大气，之前的冰箱用了十年了，该换了，东西也放不下，买个大的非常好，人走近会有呼吸灯，非常喜欢，哈哈
j***x,star5,颜色比较显贵，颜色百搭，容量也很够，选了很久最后选择买了这一款，比较看重售后，听说海尔的售后还不错。
樱***3,star5,支持家乡品牌，没怎么看就选了就是相信海尔，大小正适合家里使用，颜色也好看，家里很喜欢。以后有需要还会再来的，很静音，颜值也很高很满意！！！
j***2,star5,我家里这个冰箱位置只有72公分，又不想选小的冰箱，这个冰箱放在我家简直绝绝子。零嵌入，非常好，质量很好，看上去就给人一种高级感，价格也合适。
j***p,star5,外形外观：磨砂材质，非常有质感，非常的大气制冷效果：杠杠的保鲜效果：全空间保鲜技术，蔬菜放进去，能够一直保持水分，这个功能很强大，很实用容量大小：一家四口，466升容量，完全足够，点赞?
j***R,star5,冰箱非常好，白色冰箱很好看，海尔质量一直很好，大品牌，售后服务也好，一如既往的好，容量大，制冷好，非常满意！放家里刚刚好，太合适了！非常漂亮，简洁大方！
j***z,star5,外形外观：漂亮大气，到家瞬间装饰上各种贴贴贴容量大小：超级能装，买了好多东西才装满保鲜效果：非常好制冷效果：时间超级短就速冻上了，很赞
J***1,star5,外形外观：时尚大气，app智能控制，使用方便。容量大小：小尺寸，大空间，前置散热，零嵌入，跟预留的位置完美契合。制冷效果：保鲜和制冷效果都很好。
j***b,star5,终于买到自己喜欢的白色法式冰箱啦，颜值非常高，冰箱声音很小，容量很大，可以智能控制，才用一天，抗菌保鲜的效果还没看出来，等使用的时间再长一点，再来追评
崔***虎,star5,老房子新装修，按照预留的尺寸选的冰箱。趁着618活动时候挑的。送货时间，京东送货前会联系，我是根据装修情况延迟送货一个月，京东客服很快就处理好了，赞一个。送货的时候，送货师傅也很好，根据时间按时送货，进门拆箱就位，都比较顺畅。冰箱大小和预留空间正好合适，颜色白色和很搭，这都比较满意。因为还没启用，暂时只能拍拍整体情况，还是不错的。
j***M,star5,大品牌，品质有保障，这次冰箱坏了，果断又选择海尔，买的这款冰箱，容量很大，可以放很多的东西，冷藏冷冻空间都很大，价格也不贵，性价比简直了
刘***师,star5,用了三年的西门子居然刚过保就坏了，冰箱越修越坏，所以买了海尔的，事实证明，海尔的高度设计更合理，女性拿最上层毫无压力，送货也很快，好评！
发***发,star5,冰箱非常不错，0嵌保险净味齐全，容量也大。新房快集齐全套海尔家电了，冰箱，洗衣机，热水器，消毒柜，以后都能一个app控制，舒服。
l***q,star5,非常好颜值高hao?hao?hao?hao?hao外形外观：外观好看大气没得说制冷效果：制冷非常快保鲜效果：保鲜特别好好好好好好容量大小：容量还可以一家够用的非常的好好好好
a***o,star5,海尔冰箱外观设计新颖，时尚灰色，法式结构更容易储存食物，质量很好，制冷效果杠杠的，还有母婴空间，无线网络控制，远在他乡也能调节温度，不错，好好好物美价廉物超所值下次还买。
小***子,star5,选来选去最后还是买的501 这款很薄 高度也够高 外观很满意 而且这款是全空间保鲜的 唯一就是右边门吸力很浅 但是看到很多人都反应这个问题
一***机,star5,外形外观：大气上档次，法式美学运用的运用恰到好处的契合房屋设计制冷效果：制冷效果一级棒很nice保鲜效果：水果蔬菜保持良好容量大小：409升大容量满足了一家人的需求
j***？,star5,外形外观：外观时尚大气好看制冷效果：只能效果非常好，智能保鲜效果：保鲜效果也不错容量大小：容量非常大，能放很多东西。总的来说，这个价位这个容量这个外观，这个智能显示还要什么自行车！
穗***御,star5,"根据使用需要和预算，最终选择了海尔466,看中海尔大品牌，质量售后有保障。466有全空间保鲜科技搭配epp超净系统，使用方便放心。能耗也很低，一级双变频，节能环保"
果***y,star5,冰箱很好看，很漂亮，空间也非常大，可以满足日常一家3口，制冷很快，全空间保鲜不知道效果如何容量大小：非常大保鲜效果：很好制冷效果：制冷非常快外形外观：和家里的装修风格很符合
帕***8,star5,容量大小：外观高端大气上档次，制冷制热效果都很好，保鲜效果也很好，可以很好的储存食物冷冻，分为快速冷冻和一般冷冻快速冷冻能迅速将食材降温，表现的很好。
y***虫,star5,"冰箱收到一段时间了,我真的太爱法式了,空间超级大,灰色的很大气,跟家里装修很搭,保鲜效果还可以,净味也还行,选了很久的冰箱没失望,满意"
j***7,star5,装修之前就看好了这款海尔460白色法式冰箱，家里人口不多所以没买很大容量的，预留的尺寸刚好，白色磨砂门简约大气，通电试机后制冷保鲜效果好，底下2层大抽屉可以装好多食物，内部空间设计合理，抽屉也很顺滑，冰箱整体外观看起来很漂亮，底部滑轮丝滑好推动，京东购买平台质量也有保证
j***e,star5,做柜子前看好的海尔501冰箱，真的跟家里面预留尺寸完美契合，也主要是得益于冰箱的超薄嵌入式尺寸、外加底部散热的各种特性加持。冰箱颜色也很质感，门和抽屉开关也十分顺畅。冰箱的做工也很好，打开冰箱试机，冷冻和冷藏速度也很快，而且海尔的 EPP 除菌净味技术真的好用，完全没有串味。
t***r,star5,第一单物流遇到了一些麻烦，好在重新下单都已解决。收到冰箱还是蛮惊喜的，外观漂亮，功能区设置合理！冷冻区有一个托盘大大提高了储存空间，很不错的冰箱！
z***4,star5,预留空间正好，这款冰箱放进去尺寸完全够，颜色我也很喜欢，很静音，基本上没什么声音，冰箱内部空间很大，可以放很多东西，乔迁新居那天切好的菜没地方放，都放在冰箱里，家人都说厨房这么小不该买大冰箱，但是我喜欢呀
M***5,star5,外形外观：灰色调，高端大气上档次。制冷效果：效果很好，很快制冷保鲜效果：好，可以保鲜比较久容量大小：4***容量，满足四口之家。唯一不好的是冷冻层小隔层才一半的空间，不能完全拉开，使用起来不方便，而且浪费了一半的空间。
喊***儿,star5,冰箱外观很漂亮，简单大气，和家里的装修风格很搭。容量大，一家四口用着非常舒服。很静音，听不到什么声音
儇***猪,star5,EPP超净系统搭配各种食材的合理分区，外设呼吸灯。面板可以贴冰箱贴，大爱。压缩机一点声音没有，这点特别喜欢。两个大抽屉，可以储存一个多月的东西了。值得购买
c***n,star5,海尔（ Haier 全空间保鲜零距离自由嵌入式法式四开门．.挑了好久，最终下单了这款的冰箱，买之前还担心底部散热可能噪音大，通电后放心了，很安静，放在客厅中基本没有噪音颜值做工性能都挺好的，灰色磨砂耐看，不沾指纹，外壳是金属的，但看起来没有金属的廉价感，还能用冰箱贴。抽屉做工精致，推拉很轻松，推回去时带阻尼，能自动缩回。温控能力出色，手动把冷冻调到零下24，冷藏调到，变温调到0，能把冰箱冷冻能力发挥更好，制冷很快净味杀菌能力也很优秀，饭菜放冰箱不用盖保鲜膜了，不会串味，省了不少事
x***o,star5,外形外观：非常完美的一款冰箱，刚好适配家里装修制冷效果：暂时没有使用保鲜效果：暂时没有使用容量大小：很合适
夜***星,star5,外形外观：颜色看着很大气，也很耐脏制冷效果：制冷效果很好，压缩机也很静音保鲜效果：搭配全空间保鲜，保鲜效果很好容量大小：466L够一家三口正常使用囤货了
相***雪,star5,。还可以联网，手机操作很方便。物流超级快，送货上门，产品颜值担当，且非常大气，空间也好，葡萄放了一周，还很新鲜
5***琪,star5,冰箱整体来说还是很不错的，店家服务态度很好，而且质量也很好，没有异味，冰箱很精致，质量非常好，很满意的一次购物。谢谢店家！
凡***棉,star5,家里都用的海尔冰箱，颜值杠杠的，老品牌，值得信赖。这款容量很大，保鲜冷冻都很好，下次买冰箱还选海尔。
j***4,star5,冰箱的质量、外观都非常好，全新，****也非常好，中间我有一些小的疑问，客服解答处理的也非常及时、到位。618活动买的，价格也很合适。
好***了,star5,外形外观：大气漆面是磨砂的触感，很有品质制冷效果：很好保鲜效果：还没有全用，但是储存了一些水果还不错容量大小：家庭三四人的蔬菜肉蛋奶储存是没问题的冰箱大气上档次，性价比也高，发货快。而且很准时
韩***6,star5,采购，等了很久才来货，空调不错，确实是挺好的，值得等待，外观经典时尚，大气，空间很大，屯蛮估计一家五口一礼拜是够够的，保险效果不错，试了几天，是无霜的，除了等待有点久，其他都很满意
u***8,star5,冰箱收到了，很大气，制冷效果好，冰箱外观漂亮，做工精细，制冷效果好，送货速度也非常快，这个颜色很漂亮，冷冻速度也挺快，可以在手机上调节温度。
b***前,star5,外形外观：白色外观超级大气漂亮，放在房间里跟装修特别搭，赏心悦目制冷效果：海尔大品牌用着特别放心，制冷效果非常好，非常满意保鲜效果：有专门的锁鲜技术，用起来超级方便，并且放心容量大小：460L满足一家人的食材放入，而且两个大抽屉超级能装，还有个专门冻饺子的盘，特别方便，超级人性化
李***贝,star5,物流给力，晚上下单，第二天就送来了，旧的也给拉走了，冰箱空间很大，完全满足四口之家。声音很小。各方面都很满意。
付***松,star5,海尔品牌放心，产品质量有保证，性价比超高，声音也小，几乎听不出来声音，相当棒，给力，颜色刚好跟家里的装修风格匹配，很漂亮！里面空间很大，内部分区明显，能放很多东西，总的来说很满意
4***9,star5,满意，超满意，也会把它推荐给朋友们，容量比较大，用起来方便，很专业，都非常满意超赞超值，安装方便简洁实用，声音小，大品牌，服务也很好，分区合理，很好的购物体验真不错，外观体积小但容量大，充电方便性价比高，一直信赖的老牌子，买大家电很方便，下单隔天货就到了，颜值超高，电源稳定，运行稳定，超喜欢这款，颜色太好看了，很快，定时送过来
j***y,star5,这个冰箱颜值太高了，白色的很亮很大气，买来放在新房子里的，尺寸和我预留的冰箱尺寸也正好，冷冻和冷藏室空间都很大，京东物流非常快，太喜欢这个冰箱了。
j***w,star5,外形外观：白色的冰箱真的好好看呀，物流小哥也很负责任，以为冰箱抽屉有点问题，维修小哥很快就上门排查了，满分好评
k***成,star5,外形外观：黑色低调好看，有点磨砂的感觉，不错?制冷效果：制冷速度快保鲜效果：好很好非常好容量大小：本来还想买大一点的，奈何位置大小只能放下这个
捂***钱,star5,冰箱声音很小，容量很大，可以智能控制，才用一天，抗菌保鲜的效果也很好，发货速度很快，客服专业，很满意哦！是我理想的产品。
p***d,star5,这款海尔零嵌冰箱 尺寸和我厨房非常吻合。放进厨房的空位大小非常完美。海尔冰箱是国内一线品牌，相信今后使用中也会令人满意的。
j***W,star5,客服和快递小哥服务态度都很好，冰箱超能装的，容量大。外观也好看，用了两天才来评价的，制冷保鲜都杠杠的，基本没有声音，一级能效，耗电小。大品牌值得信赖！
d***e,star5,美观大气外形外观：还不错制冷效果：还不错保鲜效果：够用了容量大小：给老人家用的，老人家很喜欢，也不需要太大的容量，这种刚好够用，太大放不下，很适合，制冷效果也不错！
谷***后,star5,外形外观：白色法式设计国际范制冷效果：制冷效果极佳实用，不会出现结冰等不好情况，爱了爱了保鲜效果：新买的水果和蔬菜一直保持完好太棒了容量大小：460升大容量满足了一个家庭的需求很实用
j***3,star5,对比了好多品牌的冰箱，最后选中了这款。果然不负所望高度刚好，容量大小都是我喜欢，满意。送货上门很满意
救***啦,star5,颜值满分，白色法式冰箱太好看了，零嵌还不占地方，节约空间，等通电后试试效果，460升的容量对于两个人来说，妥妥的
e***F,star5,"使用一段时间来评价的.空间刚好有一点点噪音能接受范围.总体来说还是满意的.2、冰箱看起来很美观厚重，冷冻效果也不错，声音很小，几乎感觉不出来，发货速度快，服务好。3、海尔冰箱非常好，制冷速度快，门密封非常好，声音非常小，质量很好，我很满意。4、宝贝很好，非常满意，特意用了两天才来评价,这个价位在商场是买不到的哦"
j***Y,star5,冰箱空间大，颜色好看，能放很多东西，几乎是我旧冰箱的两倍，极大的提高了我的生活质量和方便性，挺满意的。
我***强,star5,家里一直都是使用海尔冰箱，这次618活动实在是太给力了所以继续选择海尔冰箱！师傅服务很好，冰箱空间很大，功能齐全，赞！
凤***6,star5,外形外观：简洁大方，颜色很清爽制冷效果：分区温度容易控制保鲜效果：菜不会被冻坏容量大小：可以放很多东西总的来说还是很划算的这一款冰箱，家庭生活好帮手
零***捌,star5,外形外观：时尚美观，高端大气上档次制冷效果：挺好的，还可以保鲜效果：不错，还可以容量大小：容量很大，可以装很多很多东西，再也不怕冰箱放不下了。价格买贵了些，早知道就应该在5月31号那天晚上支付定金，这样比618那天还便宜不少。买都买了，就用着先吧
1***r,star5,外形外观：磨砂的质感，很好看制冷效果：很好容量大小：三口之家足够了保鲜效果：海尔的质量不用担心
u***4,star5,618 前选了好久，白色面板法式门，而且还是超薄零嵌的，这个价格没几款，安装后真是惊艳，目前家里买的最满意的一个颜值电器， 容量够大做工精致，家里也是海尔几十年的老用户了，油烟机热水器冰箱都是海尔的哈哈哈
j***o,star5,卖家发货速度快，冰箱质量很不错，性价比高而且美观大方，制冷效果杠杠的，卖家客服很有耐心，业务能力强。
s***s,star5,夏天到了，冰啤酒、冰饮料、冰西瓜和冰淇淋，这都是夏天的快乐啊。还有我的宝贝护肤品，这个大大的冷藏室我真的是让我爱了爱了！而且抽屉式的格局也能够更好地把东西整理得更整洁
梦***空,star5,很满意大品牌信得过，海尔服务物美价廉。送装一体。服务很满意。外观做工都比较满意质量也很好。白色好看。
神***啊,star5,送货速度很快，直接入户打开包装放到指定位置。整体外观好看，很大方，内部干净整洁，包装精美，就是包装太好胶带粘的好多我撕了好久才撕完。冷藏冷冻效果都很好，还有自带的冷萃壶可以做冰饮，在这个炎热的夏天真是再好不过了
l***n,star5,冰箱颜值很高 容量大因为厨房门比较窄 安装师傅怕划冰箱 让我联系售后拆门推进去 售后跟进速度很快 整体来说 性价比很高的一款冰箱
j***曼,star5,冰箱的外形外观颜色很大气，百搭；质量效果也超级nice，保鲜效果也很好；容量很适合我家，尺寸大小正好可以摆放，为海尔点赞！
j***n,star3,还没有开始用，用后再来追评，新冰箱塑料味还是有的
f***o,star5,这款冰箱真是太棒了！它运行时几乎没有噪音，非常安静。制冷效果也非常出色。501升的大容量完全足够使用，法式大抽屉的实用性也很强，拿取东西非常方便。而且它的外观设计真的太符合我的口味了。
j***X,star5,冰箱真的太好了，太给力了，颜值在线，超能装，容量大，一级能耗，工作起来很快静音，客服小姐姐服务态度好，愉快的购物
零***零,star5,先买冰箱后做柜子，完美嵌入。外观设计漂亮，尺寸大小合适，包装仔细完整，感觉很好，发货速度快，服务态度一流，给力！5星好评！
j***m,star5,在实体店看了很久因为装修前橱柜的尺寸和色调的原因要选比较合适的太难了，就在京东选择了综合颜色尺寸和性价比来说是很高的，目前已经用了快两个月了冷冻、保鲜、除味的效果真的很好，尤其是保鲜太强了推荐给大家外形外观：简约好看制冷效果：很好保鲜效果：很推荐容量大小：感觉三口之家完全足够了
j***X,star5,很好用，设计的很合理，边边角角都被利用起来了，可以放不少东西，外观也是很好的，漆面一看就很高级，有档次！
j***T,star5,家里的大家电几乎都是海尔，国货老品牌，值得信赖，这款冰箱颜值担当，制冷效果很好，保鲜效果没得说，尺寸合适，容量很大，特能装，非常满意
b***2,star5,师傅已经将冰箱送来了，白色很好看，喜欢法式门，所以选择了这款，还没通电，不知道噪音大小，说是要放8小时才能通电，外观好看，容量也够了，推荐购买。
j***y,star5,外观非常漂亮，很好，太美了。制冷效果：制冷很给力。很棒！外形外观：很漂亮。保鲜效果：海尔冰箱，没毛病！容量大小：460升容量，足够了。很好！！必须赞！京东给力！！！
生***一,star5,冰箱功能很齐备，内部配备了海尔的EPP超净系统，法式设计，冷藏区空间很大，芹菜、莴苣等长度较长的蔬菜完全能够放下；冷冻区空间完全能满足4-5口家庭存储的需要，有专门的水饺存储区，设计很贴心；冰箱颜色比较深，对于颜色要求高的年轻人要结合自己家的装修风格选购。
_***溪,star5,放我家那个位置刚刚好，冰箱容量超大，而且放大件的冷冻货都可以放了，冰箱已插电有一段时间，声音特别小，不错的冰箱
a***c,star5,精装修留的位置非常尴尬，选了好多款式，邻居推荐的海尔高端款，卡萨帝的，容量比这个小，价格是这个的两倍。综合考虑下来，最后锁定海尔这款冰箱，性价比很高。下面两个抽屉都可以拿下来，进厨房门也方便。总体上，非常满意！
I***晴,star5,颜色还可以，没那么深，很满意。一开始门有些歪，师傅来调过了。外形外观：呼吸灯很喜欢保鲜效果：试了试好像还可以，容量大小：冷冻的容量挺好的，两个大抽屉。
j***u,star5,冰箱收到啦!真是很不错!下单到送来才三天时间!送货师傅安装都非常的满意，冰箱从用到现在都还不错，保鲜空间超大，冷冻的相对较小，声音也非常小，买的价格也很合适。总之，家电在网上买，省心省力还省钱
4***9,star5,特别好的一款商品，满意，超满意，也会把它推荐给朋友们，容量比较大，用起来方便，都非常满意超赞超值，运行声音小，大品牌，服务也很好，分区合理，很好的购物体验真不错，外观体积小但容量大，性价比高，一直信赖的老牌子，买大家电很方便，下单隔天货就到了。
至***8,star5,冰箱收到了，外观很好看，颜色也很正，空间很大，容量也够大！物流速度:物流很快，第二天就收到了。 客服态度：客服服务态度非常好，耐心解答。
z***3,star5,卖家发货速度快，冰箱质量很不错，空间打制冷效果不错，保鲜效果也很好。卖家客服很有耐心，业务能力很强。
j***m,star5,冰箱挺好的，白色的磨砂面板摸起来很舒服。冰箱整体容量比较大，运行起来比较安静，特别是底部散热，左右两边的缝隙可以很小很小，适合老小区老房子。送货师傅非常不容易，6楼一步步抬上来的。
L***1,star5,新房装修完了，趁着618大促活动，买了很多人推荐的海尔466冰箱，这是一款法式多门冰箱，单循环、风冷、变频、一级能效，外观大气美观，容量大，分区合理，还有海尔核心的EPP超净系统和全空间保鲜科技，家人都很满意。
l***5,star5,包装的很严实，冰箱保护的很好。预留宽度71左右，塞进去刚刚好。冰箱里面看起来挺大的应该可以放很多东西。等散完气就可以看看冷冻效果了。
j***x,star5,冰箱高端正品比实体店便宜，预留位置刚刚好，颜色很漂亮，家里4口人足够用了，冷冻冷藏效果也都是杠杠的，喜欢喜欢好评点赞。
j***9,star5,安装师傅很专业，质量不错，与卖家描述的完全一致，非常满意，真的很喜欢，完全超出期望值，发货速度非常快，包装非常仔细、严实，物流公司服务态度很好，运送速度很快，很满意的一次购物。
蘇***华,star5,冰箱不错，质量特别好，颜值美观大方，放在家里特别好看。打开空间特别的大，规划也很整洁。设计很好看。海尔大品牌买的很放心。京东物流也很快。
u***e,star5,物流很快，师傅今天高温下送货并把大冰箱放在我指定的地方，非常负责任，冰箱颜色好看，喜欢白色的，和我装修风格很搭，客服也温馨关照，过6小时后通电，非常棒，冰箱容量大，一家三口可以用一周！
j***f,star5,海尔这款冰箱真让我出乎意料的好，价格超值，而且用上了顶级的全空间净味系统，法式大抽屉特别实用，黑色的面板沉稳大气，物超所值，看了朋友家的卡萨帝，感觉除了价格，功能差距不大。
痴***O,star5,颜值挺高的，冰箱其实很大的，也很能装，制冷效果一流，保鲜效果的话几天的蔬菜还是嫩嫩绿绿的，相当可以，可谓是国货之光了，466L对于普通家庭已经足够了，送货非常快，前一晚下单，第二天中午就到了，加上618的活动，相当划算，，选择海尔没错的，冰箱只相信海尔
秦***柳,star5,京东自营店铺品质杠杠的，外观简约大方，制冷效果不错，而且很省电，保鲜性能也是超级赞，性价比首选，好评咯！
j***q,star5,对比了很久选的这一款，容量确实很大，能储存很多食物，外形也很不错，设计很美观，颜色很好看，耐脏，制冷效果很好，保鲜也不错。快递员也很贴心，送货到家后帮忙拆开查看！
慧***根,star5,一直信任京东，一直相信海尔，第二套家电买的还是海尔冰箱，冰箱只用方便，除味很好，特别喜欢，预留89宽正好能放进去。还送了3年保很放心
M***a,star5,感觉还不错，容量够大，带全空间保鲜和EPP杀菌，功能够用了，表面是类似磨砂的质感，挺好看的，618活动买的很划算，性价比很高。
j***8,star5,外观很漂亮，空间利用率高，当初看了很久对比了很多家，因为空间有限，想着买空间内最大容量的，经过客服耐心指导及建议，想着海尔大牌子，综合考虑选了这款快递小哥，很认真负责，大热天送到楼上，并且帮忙安装好，并告知您购买的冰箱在派送中， 货到家放6小时左右再插电，因为冰箱的制冷剂是液体的，在运输中有颠簸，放6小时就是让制冷剂回到压缩机，减少冰箱的噪音，冰箱插电后过3个小时再放食物就可以了，?非常满意
晟***1,star5,性价比极高，做工精细，质量很好，满意。现在人都有囤东西的习惯，我感觉真的是挺不错的，容量大外形好看，分区也明确。
浩***l,star5,一直用海尔的各类产品，多少年了，冰箱一直是他家的就没有换过，质量没问题，冰箱很有手感，容量也挺大，搞活动买的，价格也很合适
不***葱,star5,冰箱送货速度贼快，颜值很高，预留的尺寸刚刚好，完美嵌入，空间很大，能放很多东西，售后很好，有问题能马上解决，主要价格还合适。冲。
w***6,star5,本来打算买502，一直没活动，618京东501活动，赶紧下单，到手真不错，大气，漂亮，分区也很合理，暂时还未使用，后续用了再看声音和效果！
j***h,star5,很好用的一款冰箱，外形也很好看，干净大方，然后里面抽屉隔层也够多，可以分门别类的放置各种食物，整齐且卫生！
j***c,star5,东西超好呀，孩子很喜欢，夏天塞满了冰淇淋，储物空间特别大，什么都塞得下，同时东西都很新鲜，爱死了，下次还来海尔家买
z***3,star5,卖家发货速度快，冰箱质量很好，外形美观大方，真的效果也很好，保鲜效果也不错，容量够大，非常好的选择。
知***锦,star5,冰箱颜值很高，保鲜，和制冷都非常好用，还得买海尔品牌，值得信赖。家里的电器基本上都是海尔，真的非常不错。活动力度也很大，上门安装服务态度非常好，工人师傅技术很牛！推荐购买，。
测***美,star5,冰箱很大，高度合适，大抽屉是我喜欢的，商标可以扣掉还，很薄，颜色也很好，和我家风格很搭，发货神速，次日就到了，不知道是不是青岛离的近的原因。巨无霸，根本装不完，一个人够用了。
T***4,star5,期待已久的海尔冰箱终于到手了，试用了几天，感受真的超级棒，省电，外观设计简约大气，各方面表现都很好，满意好评
x***5,star5,冰箱空间够大，618购买相对便宜，看了很久的法式，海尔这款很满意。外形外观：时尚大气制冷效果：插电后评论保鲜效果：期待
H***E,star5,冰箱空间很大，白色颜值很高，时尚高端大气上档次，送货上门安装也非常方便的，618活动买的也很划算，海尔是大品牌值得信赖。
j***m,star5,真的很好，容量大，而且很薄，不占位子，很好很安静。空间设计很合理，价格也合适，比以前买的冰箱好多了。样子也好看
1***8,star5,冰箱外观非常好好看，质量非常好好，冰箱制冷效果非常好好，京东物流配送速度快。服务图必读好，冰箱质量非常好好，声音小，效果好
j***o,star5,购物车躺了好久的，终于把他请回家，太赞了，颜值和性能都符合我的需求，主打一个干净整洁，性价比超高，冰箱我只买海尔
A***a,star5,1：外观美观大气，纤薄机身，不占空间，炫金面板，我最喜欢的颜色，冰箱与我厨房预留空间很切合，冰箱容量很大，完全能满足需求2：细节、品质、做工都非常好。空间大，噪音小，隔层分类清晰，四门取物方便，灯光柔和实用3：容量足够大，尤其是冷藏部分空间很大；制冷效果很好，噪音很小，几乎没声音
j***a,star5,完美，产品很惊艳，性价比合适，希望用的长久！大品牌，用起来很放心，质量非常好，赶上活动购买非常的划算这个真的太?了，?包装很精美，宝贝做工比较精细，商家特别好?，有问题都及时处理?，确实是一次相当满意的网购，还会再来的?
y***0,star5,很好用的一款冰箱，空间大可以放很多蔬菜水果，冷冻室也能囤冷饮，可以一次性的把喜欢吃的都买了，太开心了哈?
j***0,star5,赞东西不错，还有优惠，很值得购买，三个字太好了，健康抑菌，还有防电墙，很满意，五分好评。京东家电质量还是很不错的，送货师傅很负责，态度很好，很好。五星好评，寻求表扬。发货快，配色非常的好看，到货后拆开看很惊喜，这个很高大上，多搞点活动就买，结构巧妙，给家里婆婆买的。她也很喜欢，也很实用很好的卖家，很棒，全新正品，送货上门，送货很
j***o,star5,冰箱配送很快，客服有耐心，海尔的安装师傅也蛮好，厨房小，这个冰箱容量足够使用，冰箱外观还行，调料旋转架安排上了，使用了两周了，保鲜冷冻效果都不错，满意的。
